COUNTRY,PROVINCE,TOWN,SUBURB,STREET,STR_TYPE,STR_NUM,LAT,LON,PAID
SOUTH AFRICA,GAUTENG,BENONI,LAKEFIELD,ALPINE,CL,1,-26.191068,28.287313,YES
SOUTH AFRICA,GAUTENG,BENONI,LAKEFIELD,ALPINE,CL,2,-26.191105,28.286973,YES
SOUTH AFRICA,GAUTENG,BENONI,LAKEFIELD,ALPINE,CL,3,-26.191305,28.287343,YES
SOUTH AFRICA,GAUTENG,BENONI,LAKEFIELD,ALPINE,CL,4,-26.19127,28.286799,NO
SOUTH AFRICA,GAUTENG,BENONI,LAKEFIELD,ALPINE,CL,5,-26.191527,28.287374,YES
SOUTH AFRICA,GAUTENG,BENONI,LAKEFIELD,ALPINE,CL,6,-26.191406,28.28702,NO
SOUTH AFRICA,GAUTENG,BENONI,LAKEFIELD,ALPINE,CL,7,-26.191747,28.287404,NO
SOUTH AFRICA,GAUTENG,BENONI,LAKEFIELD,ALPINE,CL,8,-26.191661,28.287062,YES
SOUTH AFRICA,GAUTENG,BENONI,LAKEFIELD,ALPINE,CL,9,-26.191972,28.287415,YES
SOUTH AFRICA,GAUTENG,BENONI,LAKEFIELD,ALPINE,CL,10,-26.191661,28.286873,YES
SOUTH AFRICA,GAUTENG,BENONI,LAKEFIELD,ALPINE,CL,11,-26.191997,28.287182,YES
SOUTH AFRICA,GAUTENG,BENONI,LAKEFIELD,ALPINE,CL,12,-26.191681,28.286679,NO
SOUTH AFRICA,GAUTENG,BENONI,LAKEFIELD,ALPINE,CL,13,-26.192023,28.286961,NO
SOUTH AFRICA,GAUTENG,BENONI,LAKEFIELD,ALPINE,CL,14,-26.191727,28.286484,NO
SOUTH AFRICA,GAUTENG,BENONI,LAKEFIELD,ALPINE,CL,15,-26.192048,28.286739,YES
SOUTH AFRICA,GAUTENG,BENONI,LAKEFIELD,ALPINE,CL,16,-26.191749,28.286287,YES
SOUTH AFRICA,GAUTENG,BENONI,LAKEFIELD,ALPINE,CL,17,-26.192073,28.286518,YES
SOUTH AFRICA,GAUTENG,BENONI,LAKEFIELD,ALPINE,CL,18,-26.191768,28.286098,YES
SOUTH AFRICA,GAUTENG,BENONI,LAKEFIELD,ALPINE,CL,19,-26.192097,28.286297,NO
SOUTH AFRICA,GAUTENG,BENONI,LAKEFIELD,ALPINE,CL,20,-26.191542,28.286069,YES
SOUTH AFRICA,GAUTENG,BENONI,LAKEFIELD,ALPINE,CL,21,-26.192122,28.286074,NO
SOUTH AFRICA,GAUTENG,BENONI,LAKEFIELD,ALPINE,CL,22,-26.191518,28.286254,NO
SOUTH AFRICA,GAUTENG,BENONI,LAKEFIELD,ALPINE,CL,23,-26.19215,28.285838,YES
SOUTH AFRICA,GAUTENG,BENONI,LAKEFIELD,ALPINE,CL,24,-26.191475,28.286473,YES
SOUTH AFRICA,GAUTENG,BENONI,LAKEFIELD,ALPINE,CL,25,-26.191926,28.285788,NO
SOUTH AFRICA,GAUTENG,BENONI,LAKEFIELD,ALPINE,CL,26,-26.19132,28.286505,NO
SOUTH AFRICA,GAUTENG,BENONI,LAKEFIELD,ALPINE,CL,27,-26.191703,28.285757,NO
SOUTH AFRICA,GAUTENG,BENONI,LAKEFIELD,ALPINE,CL,28,-26.191121,28.286483,NO
SOUTH AFRICA,GAUTENG,BENONI,LAKEFIELD,ALPINE,CL,29,-26.191487,28.285726,YES
SOUTH AFRICA,GAUTENG,BENONI,LAKEFIELD,ALPINE,CL,31,-26.191247,28.285726,NO
SOUTH AFRICA,GAUTENG,BENONI,LAKEFIELD,ALPINE,CL,33,-26.191205,28.285923,NO
SOUTH AFRICA,GAUTENG,BENONI,LAKEFIELD,ALPINE,CL,35,-26.191184,28.28614,NO
SOUTH AFRICA,GAUTENG,BENONI,LAKEFIELD,AMBLESIDE,AV,1,-26.184585,28.291439,YES
SOUTH AFRICA,GAUTENG,BENONI,LAKEFIELD,AMBLESIDE,AV,2,-26.183885,28.291739,YES
SOUTH AFRICA,GAUTENG,BENONI,LAKEFIELD,AMBLESIDE,AV,3,-26.184435,28.291069,YES
SOUTH AFRICA,GAUTENG,BENONI,LAKEFIELD,AMBLESIDE,AV,4,-26.183605,28.291339,YES
SOUTH AFRICA,GAUTENG,BENONI,LAKEFIELD,AMBLESIDE,AV,5,-26.18425,28.290685,YES
SOUTH AFRICA,GAUTENG,BENONI,LAKEFIELD,AMBLESIDE,AV,6,-26.183415,28.290949,NO
SOUTH AFRICA,GAUTENG,BENONI,LAKEFIELD,AMBLESIDE,AV,7,-26.184065,28.290289,NO
SOUTH AFRICA,GAUTENG,BENONI,LAKEFIELD,AMBLESIDE,AV,8,-26.183235,28.290559,NO
SOUTH AFRICA,GAUTENG,BENONI,LAKEFIELD,AMBLESIDE,AV,9,-26.183875,28.289899,NO
SOUTH AFRICA,GAUTENG,BENONI,LAKEFIELD,AMBLESIDE,AV,10,-26.183045,28.290179,NO
SOUTH AFRICA,GAUTENG,BENONI,LAKEFIELD,AMBLESIDE,AV,11,-26.183695,28.289509,YES
SOUTH AFRICA,GAUTENG,BENONI,LAKEFIELD,AMBLESIDE,AV,12,-26.182785,28.289639,NO
SOUTH AFRICA,GAUTENG,BENONI,LAKEFIELD,AMBLESIDE,AV,13,-26.183505,28.289119,YES
SOUTH AFRICA,GAUTENG,BENONI,LAKEFIELD,AMBLESIDE,AV,14,-26.182605,28.289249,YES
SOUTH AFRICA,GAUTENG,BENONI,LAKEFIELD,AMBLESIDE,AV,15,-26.183325,28.288729,NO
SOUTH AFRICA,GAUTENG,BENONI,LAKEFIELD,AMBLESIDE,AV,16,-26.182425,28.288859,YES
SOUTH AFRICA,GAUTENG,BENONI,LAKEFIELD,AMBLESIDE,AV,17,-26.183135,28.288339,NO
SOUTH AFRICA,GAUTENG,BENONI,LAKEFIELD,AMBLESIDE,AV,18,-26.182325,28.288329,YES
SOUTH AFRICA,GAUTENG,BENONI,LAKEFIELD,AMBLESIDE,AV,19,-26.182665,28.287949,NO
SOUTH AFRICA,GAUTENG,BENONI,LAKEFIELD,AMBLESIDE,AV,20,-26.182055,28.288099,YES
SOUTH AFRICA,GAUTENG,BENONI,LAKEFIELD,AMBLESIDE,AV,22,-26.181925,28.287779,YES
SOUTH AFRICA,GAUTENG,BENONI,LAKEFIELD,AMBLESIDE,AV,18A,-26.182166,28.288599,NO
SOUTH AFRICA,GAUTENG,BENONI,LAKEFIELD,BELLA,ST,2,-26.181955,28.283977,YES
SOUTH AFRICA,GAUTENG,BENONI,LAKEFIELD,BELLA,ST,3,-26.182525,28.283929,YES
SOUTH AFRICA,GAUTENG,BENONI,LAKEFIELD,BELLA,ST,4,-26.18174223,28.2836865,YES
SOUTH AFRICA,GAUTENG,BENONI,LAKEFIELD,BELLA,ST,6,-26.18198,28.283694,YES
SOUTH AFRICA,GAUTENG,BENONI,LAKEFIELD,BELLA,ST,7,-26.182423,28.283543,NO
SOUTH AFRICA,GAUTENG,BENONI,LAKEFIELD,BELLA,ST,8,-26.182,28.283484,NO
SOUTH AFRICA,GAUTENG,BENONI,LAKEFIELD,BELLA,ST,9,-26.18262175,28.28356647,NO
SOUTH AFRICA,GAUTENG,BENONI,LAKEFIELD,BELLA,ST,10,-26.18179828,28.28342868,NO
SOUTH AFRICA,GAUTENG,BENONI,LAKEFIELD,BELLA,ST,11,-26.182443,28.283291,YES
SOUTH AFRICA,GAUTENG,BENONI,LAKEFIELD,BELLA,ST,12,-26.18179313,28.28316815,NO
SOUTH AFRICA,GAUTENG,BENONI,LAKEFIELD,BELLA,ST,13,-26.18263447,28.28330209,NO
SOUTH AFRICA,GAUTENG,BENONI,LAKEFIELD,BELLA,ST,14,-26.182035,28.283176,NO
SOUTH AFRICA,GAUTENG,BENONI,LAKEFIELD,BELLA,ST,15,-26.182484,28.283034,YES
SOUTH AFRICA,GAUTENG,BENONI,LAKEFIELD,BELLA,ST,16,-26.182037,28.282975,YES
SOUTH AFRICA,GAUTENG,BENONI,LAKEFIELD,BELLA,ST,17,-26.1826888,28.28303483,YES
SOUTH AFRICA,GAUTENG,BENONI,LAKEFIELD,BELLA,ST,18,-26.181948,28.28291,YES
SOUTH AFRICA,GAUTENG,BENONI,LAKEFIELD,BELLA,ST,19,-26.18251,28.282776,NO
SOUTH AFRICA,GAUTENG,BENONI,LAKEFIELD,BELLA,ST,20,-26.182068,28.282739,NO
SOUTH AFRICA,GAUTENG,BENONI,LAKEFIELD,BELLA,ST,21,-26.18271323,28.28277573,NO
SOUTH AFRICA,GAUTENG,BENONI,LAKEFIELD,BELLA,ST,22,-26.18193253,28.28265191,NO
SOUTH AFRICA,GAUTENG,BENONI,LAKEFIELD,BELLA,ST,23,-26.182541,28.282515,YES
SOUTH AFRICA,GAUTENG,BENONI,LAKEFIELD,BELLA,ST,24,-26.1821,28.282477,YES
SOUTH AFRICA,GAUTENG,BENONI,LAKEFIELD,BELLA,ST,25,-26.18273549,28.2825186,NO
SOUTH AFRICA,GAUTENG,BENONI,LAKEFIELD,BELLA,ST,26,-26.18193141,28.28238305,NO
SOUTH AFRICA,GAUTENG,BENONI,LAKEFIELD,BELLA,ST,29,-26.182158,28.282187,NO
SOUTH AFRICA,GAUTENG,BENONI,LAKEFIELD,BERRY,ST,1,-26.187005,28.286709,YES
SOUTH AFRICA,GAUTENG,BENONI,LAKEFIELD,BERRY,ST,2,-26.186332,28.286607,NO
SOUTH AFRICA,GAUTENG,BENONI,LAKEFIELD,BERRY,ST,3,-26.186965,28.287089,YES
SOUTH AFRICA,GAUTENG,BENONI,LAKEFIELD,BERRY,ST,4,-26.18629,28.286982,NO
SOUTH AFRICA,GAUTENG,BENONI,LAKEFIELD,BERRY,ST,5,-26.186956,28.287466,YES
SOUTH AFRICA,GAUTENG,BENONI,LAKEFIELD,BERRY,ST,6,-26.186217,28.287362,NO
SOUTH AFRICA,GAUTENG,BENONI,LAKEFIELD,BERRY,ST,7,-26.186839,28.28783,NO
SOUTH AFRICA,GAUTENG,BENONI,LAKEFIELD,BERRY,ST,8,-26.186246,28.287753,NO
SOUTH AFRICA,GAUTENG,BENONI,LAKEFIELD,CASA GRANDE,ST,1,-26.1854,28.283735,YES
SOUTH AFRICA,GAUTENG,BENONI,LAKEFIELD,CASA GRANDE,ST,2,-26.18544,28.283358,YES
SOUTH AFRICA,GAUTENG,BENONI,LAKEFIELD,CASA GRANDE,ST,3,-26.185681,28.283771,NO
SOUTH AFRICA,GAUTENG,BENONI,LAKEFIELD,CASA GRANDE,ST,4,-26.185695,28.283394,NO
SOUTH AFRICA,GAUTENG,BENONI,LAKEFIELD,CASA GRANDE,ST,5,-26.185959,28.283809,NO
SOUTH AFRICA,GAUTENG,BENONI,LAKEFIELD,CASA GRANDE,ST,6,-26.185951,28.283426,YES
SOUTH AFRICA,GAUTENG,BENONI,LAKEFIELD,CASA GRANDE,ST,7,-26.186238,28.283835,YES
SOUTH AFRICA,GAUTENG,BENONI,LAKEFIELD,CASA GRANDE,ST,8,-26.186284,28.283597,NO
SOUTH AFRICA,GAUTENG,BENONI,LAKEFIELD,CASA GRANDE,ST,9,-26.186314,28.283334,NO
SOUTH AFRICA,GAUTENG,BENONI,LAKEFIELD,CASA GRANDE,ST,10,-26.186345,28.283067,YES
SOUTH AFRICA,GAUTENG,BENONI,LAKEFIELD,CASA GRANDE,ST,11,-26.18636,28.282793,NO
SOUTH AFRICA,GAUTENG,BENONI,LAKEFIELD,CASA GRANDE,ST,12,-26.185981,28.283143,YES
SOUTH AFRICA,GAUTENG,BENONI,LAKEFIELD,CASA GRANDE,ST,13,-26.186079,28.282759,YES
SOUTH AFRICA,GAUTENG,BENONI,LAKEFIELD,CASA GRANDE,ST,14,-26.185728,28.283108,NO
SOUTH AFRICA,GAUTENG,BENONI,LAKEFIELD,CASA GRANDE,ST,15,-26.185802,28.282722,YES
SOUTH AFRICA,GAUTENG,BENONI,LAKEFIELD,CASA GRANDE,ST,16,-26.185468,28.283075,NO
SOUTH AFRICA,GAUTENG,BENONI,LAKEFIELD,CASA GRANDE,ST,17,-26.185525,28.282682,NO
SOUTH AFRICA,GAUTENG,BENONI,LAKEFIELD,CERNAN,RD,1,-26.193229,28.285494,NO
SOUTH AFRICA,GAUTENG,BENONI,LAKEFIELD,CERNAN,RD,2,-26.192581,28.285397,NO
SOUTH AFRICA,GAUTENG,BENONI,LAKEFIELD,CERNAN,RD,3,-26.193273,28.285143,YES
SOUTH AFRICA,GAUTENG,BENONI,LAKEFIELD,CERNAN,RD,4,-26.192623,28.285052,NO
SOUTH AFRICA,GAUTENG,BENONI,LAKEFIELD,CERNAN,RD,5,-26.193308,28.284806,NO
SOUTH AFRICA,GAUTENG,BENONI,LAKEFIELD,CERNAN,RD,6,-26.192661,28.284714,YES
SOUTH AFRICA,GAUTENG,BENONI,LAKEFIELD,CERNAN,RD,7,-26.193347,28.284467,NO
SOUTH AFRICA,GAUTENG,BENONI,LAKEFIELD,CERNAN,RD,8,-26.192692,28.284372,YES
SOUTH AFRICA,GAUTENG,BENONI,LAKEFIELD,CERNAN,RD,9,-26.193386,28.284128,NO
SOUTH AFRICA,GAUTENG,BENONI,LAKEFIELD,CERNAN,RD,10,-26.192732,28.284035,NO
SOUTH AFRICA,GAUTENG,BENONI,LAKEFIELD,CERNAN,RD,11,-26.193431,28.28379,NO
SOUTH AFRICA,GAUTENG,BENONI,LAKEFIELD,CERNAN,RD,12,-26.192765,28.283696,NO
SOUTH AFRICA,GAUTENG,BENONI,LAKEFIELD,CHAMPS DU LAC,CT,1,-26.192626,28.285919,NO
SOUTH AFRICA,GAUTENG,BENONI,LAKEFIELD,CHAMPS DU LAC,CT,2,-26.192681,28.286271,NO
SOUTH AFRICA,GAUTENG,BENONI,LAKEFIELD,CHAMPS DU LAC,CT,3,-26.192377,28.285892,YES
SOUTH AFRICA,GAUTENG,BENONI,LAKEFIELD,CHAMPS DU LAC,CT,4,-26.192656,28.286488,YES
SOUTH AFRICA,GAUTENG,BENONI,LAKEFIELD,CHAMPS DU LAC,CT,5,-26.192363,28.286141,YES
SOUTH AFRICA,GAUTENG,BENONI,LAKEFIELD,CHAMPS DU LAC,CT,6,-26.192631,28.286706,YES
SOUTH AFRICA,GAUTENG,BENONI,LAKEFIELD,CHAMPS DU LAC,CT,7,-26.19232,28.2864,YES
SOUTH AFRICA,GAUTENG,BENONI,LAKEFIELD,CHAMPS DU LAC,CT,8,-26.192608,28.286924,YES
SOUTH AFRICA,GAUTENG,BENONI,LAKEFIELD,CHAMPS DU LAC,CT,9,-26.19229155,28.28666749,YES
SOUTH AFRICA,GAUTENG,BENONI,LAKEFIELD,CHAMPS DU LAC,CT,10,-26.192585,28.287145,NO
SOUTH AFRICA,GAUTENG,BENONI,LAKEFIELD,CHAMPS DU LAC,CT,11,-26.19226847,28.28690935,YES
SOUTH AFRICA,GAUTENG,BENONI,LAKEFIELD,CHAMPS DU LAC,CT,12,-26.19285185,28.28717167,NO
SOUTH AFRICA,GAUTENG,BENONI,LAKEFIELD,CHAMPS DU LAC,CT,13,-26.192239,28.287177,YES
SOUTH AFRICA,GAUTENG,BENONI,LAKEFIELD,CHAMPS DU LAC,CT,14,-26.19287755,28.28694649,YES
SOUTH AFRICA,GAUTENG,BENONI,LAKEFIELD,CHAMPS DU LAC,CT,15,-26.192216,28.287438,YES
SOUTH AFRICA,GAUTENG,BENONI,LAKEFIELD,CHAMPS DU LAC,CT,16,-26.1929,28.286743,NO
SOUTH AFRICA,GAUTENG,BENONI,LAKEFIELD,CHAMPS DU LAC,CT,17,-26.19244,28.287456,NO
SOUTH AFRICA,GAUTENG,BENONI,LAKEFIELD,CHAMPS DU LAC,CT,18,-26.192925,28.286525,YES
SOUTH AFRICA,GAUTENG,BENONI,LAKEFIELD,CHAMPS DU LAC,CT,19,-26.192678,28.287502,YES
SOUTH AFRICA,GAUTENG,BENONI,LAKEFIELD,CHAMPS DU LAC,CT,20,-26.192945,28.286306,NO
SOUTH AFRICA,GAUTENG,BENONI,LAKEFIELD,CHAMPS DU LAC,CT,21,-26.192916,28.287527,YES
SOUTH AFRICA,GAUTENG,BENONI,LAKEFIELD,CHAMPS DU LAC,CT,23,-26.193153,28.287554,YES
SOUTH AFRICA,GAUTENG,BENONI,LAKEFIELD,CHAMPS DU LAC,CT,25,-26.193168,28.28731,NO
SOUTH AFRICA,GAUTENG,BENONI,LAKEFIELD,CHAMPS DU LAC,CT,27,-26.193211,28.287052,YES
SOUTH AFRICA,GAUTENG,BENONI,LAKEFIELD,CHAMPS DU LAC,CT,29,-26.193241,28.28679,YES
SOUTH AFRICA,GAUTENG,BENONI,LAKEFIELD,CHAMPS DU LAC,CT,31,-26.193269,28.286529,YES
SOUTH AFRICA,GAUTENG,BENONI,LAKEFIELD,CHAMPS DU LAC,CT,33,-26.19329,28.286272,NO
SOUTH AFRICA,GAUTENG,BENONI,LAKEFIELD,CHAMPS DU LAC,CT,35,-26.193315,28.286008,NO
SOUTH AFRICA,GAUTENG,BENONI,LAKEFIELD,CHAMPS DU LAC,CT,37,-26.193083,28.285994,NO
SOUTH AFRICA,GAUTENG,BENONI,LAKEFIELD,CHARLES,ST,1,-26.18834372,28.28843935,YES
SOUTH AFRICA,GAUTENG,BENONI,LAKEFIELD,CHARLES,ST,2,-26.188133,28.287698,NO
SOUTH AFRICA,GAUTENG,BENONI,LAKEFIELD,CHARLES,ST,3,-26.188534,28.288079,NO
SOUTH AFRICA,GAUTENG,BENONI,LAKEFIELD,CHARLES,ST,4,-26.188206,28.287027,NO
SOUTH AFRICA,GAUTENG,BENONI,LAKEFIELD,CHARLES,ST,6,-26.188305,28.286189,NO
SOUTH AFRICA,GAUTENG,BENONI,LAKEFIELD,CHARLES,ST,8,-26.188395,28.285529,NO
SOUTH AFRICA,GAUTENG,BENONI,LAKEFIELD,CHARLES,ST,9,-26.188757,28.286874,YES
SOUTH AFRICA,GAUTENG,BENONI,LAKEFIELD,CHARLES,ST,11,-26.188954,28.286709,NO
SOUTH AFRICA,GAUTENG,BENONI,LAKEFIELD,CHARLES,ST,13,-26.188802,28.286494,NO
SOUTH AFRICA,GAUTENG,BENONI,LAKEFIELD,CHARLES,ST,15,-26.188842,28.286136,NO
SOUTH AFRICA,GAUTENG,BENONI,LAKEFIELD,CHARLES,ST,17,-26.188882,28.285773,YES
SOUTH AFRICA,GAUTENG,BENONI,LAKEFIELD,CHARLES,ST,1\273,-26.188225,28.286847,NO
SOUTH AFRICA,GAUTENG,BENONI,LAKEFIELD,CONISTON,ST,1,-26.183048,28.290181,NO
SOUTH AFRICA,GAUTENG,BENONI,LAKEFIELD,CONISTON,ST,2,-26.18278,28.289639,YES
SOUTH AFRICA,GAUTENG,BENONI,LAKEFIELD,CONISTON,ST,3,-26.182429,28.290535,YES
SOUTH AFRICA,GAUTENG,BENONI,LAKEFIELD,CONISTON,ST,4,-26.182163,28.289992,YES
SOUTH AFRICA,GAUTENG,BENONI,LAKEFIELD,DENHAM,RD,1,-26.190305,28.28559,YES
SOUTH AFRICA,GAUTENG,BENONI,LAKEFIELD,DENHAM,RD,2,-26.190279,28.285853,NO
SOUTH AFRICA,GAUTENG,BENONI,LAKEFIELD,DENHAM,RD,3,-26.190248,28.286129,YES
SOUTH AFRICA,GAUTENG,BENONI,LAKEFIELD,DENHAM,RD,4,-26.19023,28.286397,NO
SOUTH AFRICA,GAUTENG,BENONI,LAKEFIELD,DENHAM,RD,5,-26.190194,28.286699,NO
SOUTH AFRICA,GAUTENG,BENONI,LAKEFIELD,DENHAM,RD,6,-26.190068,28.286712,NO
SOUTH AFRICA,GAUTENG,BENONI,LAKEFIELD,DENHAM,RD,7,-26.189809,28.286646,NO
SOUTH AFRICA,GAUTENG,BENONI,LAKEFIELD,DENHAM,RD,8,-26.189848,28.28634,YES
SOUTH AFRICA,GAUTENG,BENONI,LAKEFIELD,DENHAM,RD,9,-26.189878,28.286082,YES
SOUTH AFRICA,GAUTENG,BENONI,LAKEFIELD,DENHAM,RD,10,-26.189904,28.285799,YES
SOUTH AFRICA,GAUTENG,BENONI,LAKEFIELD,DENHAM,RD,11,-26.189932,28.285536,YES
SOUTH AFRICA,GAUTENG,BENONI,LAKEFIELD,ENID,RD,1,-26.187914,28.288489,YES
SOUTH AFRICA,GAUTENG,BENONI,LAKEFIELD,ENID,RD,12,-26.187835,28.287669,YES
SOUTH AFRICA,GAUTENG,BENONI,LAKEFIELD,ENID,RD,14,-26.187569,28.287627,NO
SOUTH AFRICA,GAUTENG,BENONI,LAKEFIELD,ENID,RD,16,-26.187295,28.287654,YES
SOUTH AFRICA,GAUTENG,BENONI,LAKEFIELD,GENEVA,ST,1,-26.181315,28.290209,NO
SOUTH AFRICA,GAUTENG,BENONI,LAKEFIELD,GENEVA,ST,2,-26.181177,28.289584,YES
SOUTH AFRICA,GAUTENG,BENONI,LAKEFIELD,GENEVA,ST,3,-26.18065334,28.29051399,YES
SOUTH AFRICA,GAUTENG,BENONI,LAKEFIELD,GENEVA,ST,4,-26.180405,28.290029,YES
SOUTH AFRICA,GAUTENG,BENONI,LAKEFIELD,GENEVA,ST,83,-26.180925,28.290289,NO
SOUTH AFRICA,GAUTENG,BENONI,LAKEFIELD,GENEVA,ST,1\12,-26.180871,28.289694,NO
SOUTH AFRICA,GAUTENG,BENONI,LAKEFIELD,GENEVA,ST,2\12,-26.180905,28.289873,NO
SOUTH AFRICA,GAUTENG,BENONI,LAKEFIELD,GREENDALE,AV,1,-26.188443,28.28483,NO
SOUTH AFRICA,GAUTENG,BENONI,LAKEFIELD,GREENDALE,AV,2,-26.18795814,28.2843995,YES
SOUTH AFRICA,GAUTENG,BENONI,LAKEFIELD,GREENDALE,AV,3,-26.18849,28.284466,NO
SOUTH AFRICA,GAUTENG,BENONI,LAKEFIELD,GREENDALE,AV,4,-26.187855,28.28406,NO
SOUTH AFRICA,GAUTENG,BENONI,LAKEFIELD,GREENDALE,AV,5,-26.188526,28.284103,YES
SOUTH AFRICA,GAUTENG,BENONI,LAKEFIELD,GREENDALE,AV,6,-26.18797876,28.28374787,NO
SOUTH AFRICA,GAUTENG,BENONI,LAKEFIELD,GREENDALE,AV,7,-26.188568,28.283743,YES
SOUTH AFRICA,GAUTENG,BENONI,LAKEFIELD,GREENDALE,AV,8,-26.187946,28.283218,YES
SOUTH AFRICA,GAUTENG,BENONI,LAKEFIELD,GREENDALE,AV,9,-26.188605,28.283379,YES
SOUTH AFRICA,GAUTENG,BENONI,LAKEFIELD,GREENDALE,AV,10,-26.187985,28.282869,NO
SOUTH AFRICA,GAUTENG,BENONI,LAKEFIELD,GREENDALE,AV,11,-26.188645,28.283009,NO
SOUTH AFRICA,GAUTENG,BENONI,LAKEFIELD,GREENDALE,AV,12,-26.188025,28.282529,YES
SOUTH AFRICA,GAUTENG,BENONI,LAKEFIELD,GREENDALE,AV,13,-26.188685,28.282639,YES
SOUTH AFRICA,GAUTENG,BENONI,LAKEFIELD,GREENDALE,AV,14,-26.188055,28.282209,YES
SOUTH AFRICA,GAUTENG,BENONI,LAKEFIELD,GREENDALE,AV,15,-26.188715,28.282299,NO
SOUTH AFRICA,GAUTENG,BENONI,LAKEFIELD,GREENDALE,AV,10A,-26.18779208,28.28284273,YES
SOUTH AFRICA,GAUTENG,BENONI,LAKEFIELD,KILFENORA,ST,12,-26.19054597,28.28787284,NO
SOUTH AFRICA,GAUTENG,BENONI,LAKEFIELD,KILFENORA,ST,14,-26.190194,28.287199,YES
SOUTH AFRICA,GAUTENG,BENONI,LAKEFIELD,KILFENORA,ST,16,-26.1906,28.28652,YES
SOUTH AFRICA,GAUTENG,BENONI,LAKEFIELD,KILFENORA,ST,16,-26.190762,28.286547,YES
SOUTH AFRICA,GAUTENG,BENONI,LAKEFIELD,KILFENORA,ST,16,-26.19071773,28.2868328,NO
SOUTH AFRICA,GAUTENG,BENONI,LAKEFIELD,KILFENORA,ST,16,-26.19055678,28.28679126,NO
SOUTH AFRICA,GAUTENG,BENONI,LAKEFIELD,KILFENORA,ST,16,-26.19037157,28.28677032,YES
SOUTH AFRICA,GAUTENG,BENONI,LAKEFIELD,KILFENORA,ST,16,-26.19040099,28.28651069,NO
SOUTH AFRICA,GAUTENG,BENONI,LAKEFIELD,KILFENORA,ST,18,-26.190754,28.286249,YES
SOUTH AFRICA,GAUTENG,BENONI,LAKEFIELD,KILFENORA,ST,20,-26.19053032,28.28618268,YES
SOUTH AFRICA,GAUTENG,BENONI,LAKEFIELD,KILFENORA,ST,22,-26.190644,28.285939,YES
SOUTH AFRICA,GAUTENG,BENONI,LAKEFIELD,KILFENORA,ST,24,-26.190798,28.285912,NO
SOUTH AFRICA,GAUTENG,BENONI,LAKEFIELD,KILFENORA,ST,26,-26.19082,28.285665,NO
SOUTH AFRICA,GAUTENG,BENONI,LAKEFIELD,KILFENORA,ST,15\325,-26.191444,28.286755,YES
SOUTH AFRICA,GAUTENG,BENONI,LAKEFIELD,KILFENORA,ST,16\921,-26.191349,28.284974,NO
SOUTH AFRICA,GAUTENG,BENONI,LAKEFIELD,KILFENORA,ST,17\325,-26.19109,28.28676,NO
SOUTH AFRICA,GAUTENG,BENONI,LAKEFIELD,KILFENORA,ST,17\921,-26.191335,28.28523,NO
SOUTH AFRICA,GAUTENG,BENONI,LAKEFIELD,KILLARNEY,AV,2,-26.185235,28.291069,NO
SOUTH AFRICA,GAUTENG,BENONI,LAKEFIELD,KILLARNEY,AV,3,-26.185695,28.290079,NO
SOUTH AFRICA,GAUTENG,BENONI,LAKEFIELD,KILLARNEY,AV,4,-26.185065,28.290699,NO
SOUTH AFRICA,GAUTENG,BENONI,LAKEFIELD,KILLARNEY,AV,6,-26.184875,28.290309,NO
SOUTH AFRICA,GAUTENG,BENONI,LAKEFIELD,KILLARNEY,AV,7,-26.185295,28.289239,NO
SOUTH AFRICA,GAUTENG,BENONI,LAKEFIELD,KILLARNEY,AV,8,-26.184865,28.289875,YES
SOUTH AFRICA,GAUTENG,BENONI,LAKEFIELD,KILLARNEY,AV,9,-26.184963,28.288694,YES
SOUTH AFRICA,GAUTENG,BENONI,LAKEFIELD,KILLARNEY,AV,10,-26.184505,28.289529,NO
SOUTH AFRICA,GAUTENG,BENONI,LAKEFIELD,KILLARNEY,AV,11,-26.184559,28.288221,YES
SOUTH AFRICA,GAUTENG,BENONI,LAKEFIELD,KILLARNEY,AV,12,-26.184315,28.289139,YES
SOUTH AFRICA,GAUTENG,BENONI,LAKEFIELD,KILLARNEY,AV,14,-26.184135,28.288749,YES
SOUTH AFRICA,GAUTENG,BENONI,LAKEFIELD,KILLARNEY,AV,16,-26.183945,28.288359,YES
SOUTH AFRICA,GAUTENG,BENONI,LAKEFIELD,KILLARNEY,AV,18,-26.183836,28.288044,NO
SOUTH AFRICA,GAUTENG,BENONI,LAKEFIELD,KILLARNEY,AV,5A,-26.185338,28.289775,YES
SOUTH AFRICA,GAUTENG,BENONI,LAKEFIELD,KILLARNEY,AV,5B,-26.185616,28.289586,NO
SOUTH AFRICA,GAUTENG,BENONI,LAKEFIELD,KILLARNEY,AV,8A,-26.184479,28.289921,YES
SOUTH AFRICA,GAUTENG,BENONI,LAKEFIELD,KILLARNEY,AV,9A,-26.185178,28.288942,YES
SOUTH AFRICA,GAUTENG,BENONI,LAKEFIELD,LAKEFIELD,AV,13,-26.181663,28.293086,YES
SOUTH AFRICA,GAUTENG,BENONI,LAKEFIELD,LAKEFIELD,AV,15,-26.181595,28.292519,NO
SOUTH AFRICA,GAUTENG,BENONI,LAKEFIELD,LAKEFIELD,AV,17,-26.181405,28.292129,NO
SOUTH AFRICA,GAUTENG,BENONI,LAKEFIELD,LAKEFIELD,AV,19,-26.181215,28.291739,YES
SOUTH AFRICA,GAUTENG,BENONI,LAKEFIELD,LAKEFIELD,AV,21,-26.181025,28.291349,NO
SOUTH AFRICA,GAUTENG,BENONI,LAKEFIELD,LAKEFIELD,AV,23,-26.180845,28.290959,NO
SOUTH AFRICA,GAUTENG,BENONI,LAKEFIELD,LAKEFIELD,AV,25,-26.18043735,28.29071565,NO
SOUTH AFRICA,GAUTENG,BENONI,LAKEFIELD,LAKEFIELD,AV,29,-26.180215,28.289659,NO
SOUTH AFRICA,GAUTENG,BENONI,LAKEFIELD,LAKEFIELD,AV,31,-26.17993952,28.28936381,NO
SOUTH AFRICA,GAUTENG,BENONI,LAKEFIELD,LAKEFIELD,AV,33,-26.179898,28.288977,YES
SOUTH AFRICA,GAUTENG,BENONI,LAKEFIELD,LAKEFIELD,AV,35,-26.179775,28.288449,NO
SOUTH AFRICA,GAUTENG,BENONI,LAKEFIELD,LAKEFIELD,AV,37,-26.179815,28.287799,NO
SOUTH AFRICA,GAUTENG,BENONI,LAKEFIELD,LAKEFIELD,AV,39,-26.179865,28.287299,YES
SOUTH AFRICA,GAUTENG,BENONI,LAKEFIELD,LAKEFIELD,AV,41,-26.179865,28.286879,YES
SOUTH AFRICA,GAUTENG,BENONI,LAKEFIELD,LAKEFIELD,AV,43,-26.179895,28.286469,NO
SOUTH AFRICA,GAUTENG,BENONI,LAKEFIELD,LAKEFIELD,AV,45,-26.179815,28.286019,YES
SOUTH AFRICA,GAUTENG,BENONI,LAKEFIELD,LAKEFIELD,AV,47,-26.179835,28.285649,YES
SOUTH AFRICA,GAUTENG,BENONI,LAKEFIELD,LAKEFIELD,AV,49,-26.179815,28.285259,NO
SOUTH AFRICA,GAUTENG,BENONI,LAKEFIELD,LAKEFIELD,AV,51,-26.179825,28.284919,YES
SOUTH AFRICA,GAUTENG,BENONI,LAKEFIELD,LAKEFIELD,AV,53,-26.179835,28.284589,YES
SOUTH AFRICA,GAUTENG,BENONI,LAKEFIELD,LAKEFIELD,AV,31A,-26.180266,28.289268,NO
SOUTH AFRICA,GAUTENG,BENONI,LAKEFIELD,LAKEFIELD,AV,33A,-26.179808,28.28879,NO
SOUTH AFRICA,GAUTENG,BENONI,LAKEFIELD,LAKEFIELD,MNR,736,-26.192333,28.284717,YES
SOUTH AFRICA,GAUTENG,BENONI,LAKEFIELD,LAKEFIELD,MNR,1\921,-26.188855,28.284451,NO
SOUTH AFRICA,GAUTENG,BENONI,LAKEFIELD,LAKEFIELD,MNR,10\921,-26.19059,28.284978,NO
SOUTH AFRICA,GAUTENG,BENONI,LAKEFIELD,LAKEFIELD,MNR,11\921,-26.190639,28.285146,NO
SOUTH AFRICA,GAUTENG,BENONI,LAKEFIELD,LAKEFIELD,MNR,12\921,-26.190865,28.285159,NO
SOUTH AFRICA,GAUTENG,BENONI,LAKEFIELD,LAKEFIELD,MNR,13\921,-26.19084,28.284791,YES
SOUTH AFRICA,GAUTENG,BENONI,LAKEFIELD,LAKEFIELD,MNR,14\921,-26.190929,28.284659,NO
SOUTH AFRICA,GAUTENG,BENONI,LAKEFIELD,LAKEFIELD,MNR,15\921,-26.191372,28.284651,NO
SOUTH AFRICA,GAUTENG,BENONI,LAKEFIELD,LAKEFIELD,MNR,18\921,-26.191598,28.285214,YES
SOUTH AFRICA,GAUTENG,BENONI,LAKEFIELD,LAKEFIELD,MNR,19\921,-26.191776,28.28524,YES
SOUTH AFRICA,GAUTENG,BENONI,LAKEFIELD,LAKEFIELD,MNR,2\921,-26.188925,28.284615,NO
SOUTH AFRICA,GAUTENG,BENONI,LAKEFIELD,LAKEFIELD,MNR,20\921,-26.191957,28.285266,NO
SOUTH AFRICA,GAUTENG,BENONI,LAKEFIELD,LAKEFIELD,MNR,21\921,-26.192139,28.285287,YES
SOUTH AFRICA,GAUTENG,BENONI,LAKEFIELD,LAKEFIELD,MNR,22\921,-26.192171,28.284968,NO
SOUTH AFRICA,GAUTENG,BENONI,LAKEFIELD,LAKEFIELD,MNR,23\921,-26.192103,28.284822,YES
SOUTH AFRICA,GAUTENG,BENONI,LAKEFIELD,LAKEFIELD,MNR,24\921,-26.191889,28.284823,NO
SOUTH AFRICA,GAUTENG,BENONI,LAKEFIELD,LAKEFIELD,MNR,25\921,-26.191684,28.284799,NO
SOUTH AFRICA,GAUTENG,BENONI,LAKEFIELD,LAKEFIELD,MNR,26\921,-26.191552,28.28471,YES
SOUTH AFRICA,GAUTENG,BENONI,LAKEFIELD,LAKEFIELD,MNR,27\921,-26.192377,28.283955,YES
SOUTH AFRICA,GAUTENG,BENONI,LAKEFIELD,LAKEFIELD,MNR,28\921,-26.192298,28.284285,YES
SOUTH AFRICA,GAUTENG,BENONI,LAKEFIELD,LAKEFIELD,MNR,29\921,-26.192215,28.284428,NO
SOUTH AFRICA,GAUTENG,BENONI,LAKEFIELD,LAKEFIELD,MNR,30\921,-26.191968,28.284465,NO
SOUTH AFRICA,GAUTENG,BENONI,LAKEFIELD,LAKEFIELD,MNR,31\921,-26.191735,28.284434,YES
SOUTH AFRICA,GAUTENG,BENONI,LAKEFIELD,LAKEFIELD,MNR,32\921,-26.191581,28.284316,NO
SOUTH AFRICA,GAUTENG,BENONI,LAKEFIELD,LAKEFIELD,MNR,33\921,-26.191383,28.284251,NO
SOUTH AFRICA,GAUTENG,BENONI,LAKEFIELD,LAKEFIELD,MNR,34\921,-26.191175,28.284233,NO
SOUTH AFRICA,GAUTENG,BENONI,LAKEFIELD,LAKEFIELD,MNR,35\921,-26.190977,28.284222,YES
SOUTH AFRICA,GAUTENG,BENONI,LAKEFIELD,LAKEFIELD,MNR,36\921,-26.190783,28.284326,YES
SOUTH AFRICA,GAUTENG,BENONI,LAKEFIELD,LAKEFIELD,MNR,37\921,-26.190617,28.284486,NO
SOUTH AFRICA,GAUTENG,BENONI,LAKEFIELD,LAKEFIELD,MNR,38\921,-26.190448,28.284648,YES
SOUTH AFRICA,GAUTENG,BENONI,LAKEFIELD,LAKEFIELD,MNR,39\921,-26.190295,28.284812,YES
SOUTH AFRICA,GAUTENG,BENONI,LAKEFIELD,LAKEFIELD,MNR,40\921,-26.190059,28.284864,NO
SOUTH AFRICA,GAUTENG,BENONI,LAKEFIELD,LAKEFIELD,MNR,41\921,-26.189799,28.284833,NO
SOUTH AFRICA,GAUTENG,BENONI,LAKEFIELD,LAKEFIELD,MNR,42\921,-26.189584,28.284759,YES
SOUTH AFRICA,GAUTENG,BENONI,LAKEFIELD,LAKEFIELD,MNR,43\921,-26.189399,28.284637,NO
SOUTH AFRICA,GAUTENG,BENONI,LAKEFIELD,LAKEFIELD,MNR,44\921,-26.18925,28.28447,YES
SOUTH AFRICA,GAUTENG,BENONI,LAKEFIELD,LAKEFIELD,MNR,45\921,-26.189126,28.284267,YES
SOUTH AFRICA,GAUTENG,BENONI,LAKEFIELD,LAKEFIELD,MNR,46\921,-26.189009,28.28406,YES
SOUTH AFRICA,GAUTENG,BENONI,LAKEFIELD,LAKEFIELD,MNR,47\921,-26.188919,28.283865,YES
SOUTH AFRICA,GAUTENG,BENONI,LAKEFIELD,LAKEFIELD,MNR,48\921,-26.191747,28.284972,YES
SOUTH AFRICA,GAUTENG,BENONI,LAKEFIELD,LAKEFIELD,MNR,5\921,-26.189126,28.284825,YES
SOUTH AFRICA,GAUTENG,BENONI,LAKEFIELD,LAKEFIELD,MNR,6\921,-26.189229,28.284975,NO
SOUTH AFRICA,GAUTENG,BENONI,LAKEFIELD,LAKEFIELD,MNR,7\921,-26.189442,28.285024,YES
SOUTH AFRICA,GAUTENG,BENONI,LAKEFIELD,LAKEFIELD,MNR,8\921,-26.189857,28.28513,YES
SOUTH AFRICA,GAUTENG,BENONI,LAKEFIELD,LAKEFIELD,MNR,9\921,-26.190352,28.28514,YES
SOUTH AFRICA,GAUTENG,BENONI,LAKEFIELD,LAMOND,AV,2,-26.1866641,28.29016207,YES
SOUTH AFRICA,GAUTENG,BENONI,LAKEFIELD,LAMOND,AV,4,-26.186276,28.28974,YES
SOUTH AFRICA,GAUTENG,BENONI,LAKEFIELD,LAMOND,AV,6,-26.186196,28.289215,NO
SOUTH AFRICA,GAUTENG,BENONI,LAKEFIELD,LAMOND,AV,8,-26.185876,28.288901,YES
SOUTH AFRICA,GAUTENG,BENONI,LAKEFIELD,LAMOND,AV,10,-26.185776,28.288538,NO
SOUTH AFRICA,GAUTENG,BENONI,LAKEFIELD,LAMOND,AV,6A,-26.186335,28.289408,NO
SOUTH AFRICA,GAUTENG,BENONI,LAKEFIELD,LOMOND,AV,1,-26.187104,28.28986,NO
SOUTH AFRICA,GAUTENG,BENONI,LAKEFIELD,LOMOND,AV,3,-26.186977,28.289328,YES
SOUTH AFRICA,GAUTENG,BENONI,LAKEFIELD,LOMOND,AV,5,-26.186795,28.288947,YES
SOUTH AFRICA,GAUTENG,BENONI,LAKEFIELD,LOMOND,AV,7,-26.186576,28.288659,YES
SOUTH AFRICA,GAUTENG,BENONI,LAKEFIELD,LOMOND,AV,9,-26.186327,28.288129,YES
SOUTH AFRICA,GAUTENG,BENONI,LAKEFIELD,LOMOND,AV,9A,-26.186738,28.288192,YES
SOUTH AFRICA,GAUTENG,BENONI,LAKEFIELD,LOUW,AV,2,-26.181449,28.287068,YES
SOUTH AFRICA,GAUTENG,BENONI,LAKEFIELD,LOUW,AV,3,-26.182125,28.286909,YES
SOUTH AFRICA,GAUTENG,BENONI,LAKEFIELD,LOUW,AV,4,-26.181495,28.286661,NO
SOUTH AFRICA,GAUTENG,BENONI,LAKEFIELD,LOUW,AV,5,-26.182165,28.286599,YES
SOUTH AFRICA,GAUTENG,BENONI,LAKEFIELD,LOUW,AV,6,-26.181525,28.286259,YES
SOUTH AFRICA,GAUTENG,BENONI,LAKEFIELD,LOUW,AV,7,-26.182195,28.286299,NO
SOUTH AFRICA,GAUTENG,BENONI,LAKEFIELD,LOUW,AV,8,-26.181576,28.28585,NO
SOUTH AFRICA,GAUTENG,BENONI,LAKEFIELD,LOUW,AV,9,-26.182235,28.286009,YES
SOUTH AFRICA,GAUTENG,BENONI,LAKEFIELD,LOUW,AV,10,-26.181645,28.285302,NO
SOUTH AFRICA,GAUTENG,BENONI,LAKEFIELD,LOUW,AV,11,-26.182657,28.286287,YES
SOUTH AFRICA,GAUTENG,BENONI,LAKEFIELD,LOUW,AV,12,-26.181762,28.28524,NO
SOUTH AFRICA,GAUTENG,BENONI,LAKEFIELD,LOUW,AV,13,-26.182955,28.286329,YES
SOUTH AFRICA,GAUTENG,BENONI,LAKEFIELD,LOUW,AV,14,-26.182178,28.285354,NO
SOUTH AFRICA,GAUTENG,BENONI,LAKEFIELD,LOUW,AV,15,-26.183245,28.286379,NO
SOUTH AFRICA,GAUTENG,BENONI,LAKEFIELD,LOUW,AV,16,-26.182455,28.285389,YES
SOUTH AFRICA,GAUTENG,BENONI,LAKEFIELD,LOUW,AV,17,-26.183552,28.286419,YES
SOUTH AFRICA,GAUTENG,BENONI,LAKEFIELD,LOUW,AV,18,-26.182758,28.285452,YES
SOUTH AFRICA,GAUTENG,BENONI,LAKEFIELD,LOUW,AV,19,-26.18388,28.286455,YES
SOUTH AFRICA,GAUTENG,BENONI,LAKEFIELD,LOUW,AV,20,-26.183053,28.285489,YES
SOUTH AFRICA,GAUTENG,BENONI,LAKEFIELD,LOUW,AV,21,-26.184256,28.286514,YES
SOUTH AFRICA,GAUTENG,BENONI,LAKEFIELD,LOUW,AV,22,-26.183348,28.285532,YES
SOUTH AFRICA,GAUTENG,BENONI,LAKEFIELD,LOUW,AV,23,-26.184623,28.286564,YES
SOUTH AFRICA,GAUTENG,BENONI,LAKEFIELD,LOUW,AV,24,-26.183635,28.285569,YES
SOUTH AFRICA,GAUTENG,BENONI,LAKEFIELD,LOUW,AV,25,-26.185309,28.286467,NO
SOUTH AFRICA,GAUTENG,BENONI,LAKEFIELD,LOUW,AV,26,-26.183975,28.285639,NO
SOUTH AFRICA,GAUTENG,BENONI,LAKEFIELD,LOUW,AV,27,-26.185872,28.286595,YES
SOUTH AFRICA,GAUTENG,BENONI,LAKEFIELD,LOUW,AV,28,-26.184345,28.285689,YES
SOUTH AFRICA,GAUTENG,BENONI,LAKEFIELD,LOUW,AV,29,-26.186331,28.286607,NO
SOUTH AFRICA,GAUTENG,BENONI,LAKEFIELD,LOUW,AV,30,-26.184721,28.285734,YES
SOUTH AFRICA,GAUTENG,BENONI,LAKEFIELD,LOUW,AV,32,-26.185215,28.285769,YES
SOUTH AFRICA,GAUTENG,BENONI,LAKEFIELD,LOUW,AV,33,-26.18739857,28.28689771,YES
SOUTH AFRICA,GAUTENG,BENONI,LAKEFIELD,LOUW,AV,34,-26.185557,28.285812,YES
SOUTH AFRICA,GAUTENG,BENONI,LAKEFIELD,LOUW,AV,35,-26.187645,28.286949,NO
SOUTH AFRICA,GAUTENG,BENONI,LAKEFIELD,LOUW,AV,36,-26.185945,28.285869,NO
SOUTH AFRICA,GAUTENG,BENONI,LAKEFIELD,LOUW,AV,37,-26.187924,28.286994,YES
SOUTH AFRICA,GAUTENG,BENONI,LAKEFIELD,LOUW,AV,38,-26.187098,28.286079,YES
SOUTH AFRICA,GAUTENG,BENONI,LAKEFIELD,LOUW,AV,39,-26.187651,28.286951,YES
SOUTH AFRICA,GAUTENG,BENONI,LAKEFIELD,LOUW,AV,40,-26.18668,28.286021,YES
SOUTH AFRICA,GAUTENG,BENONI,LAKEFIELD,LOUW,AV,42,-26.186325,28.285969,NO
SOUTH AFRICA,GAUTENG,BENONI,LAKEFIELD,LOUW,AV,44,-26.187515,28.286089,NO
SOUTH AFRICA,GAUTENG,BENONI,LAKEFIELD,LOUW,AV,46,-26.187955,28.286149,YES
SOUTH AFRICA,GAUTENG,BENONI,LAKEFIELD,LOUW,AV,11A,-26.182783,28.286308,NO
SOUTH AFRICA,GAUTENG,BENONI,LAKEFIELD,LOUW,AV,19A,-26.183704,28.286458,NO
SOUTH AFRICA,GAUTENG,BENONI,LAKEFIELD,LOUW,AV,21A,-26.184074,28.286512,YES
SOUTH AFRICA,GAUTENG,BENONI,LAKEFIELD,LOUW,AV,27A,-26.185815,28.286959,YES
SOUTH AFRICA,GAUTENG,BENONI,LAKEFIELD,LOUW,AV,46A,-26.187774,28.286121,NO
SOUTH AFRICA,GAUTENG,BENONI,LAKEFIELD,LOUW,AV,Z0,-26.187962,28.286122,NO
SOUTH AFRICA,GAUTENG,BENONI,LAKEFIELD,LUCERNE,ST,1,-26.18573,28.288196,NO
SOUTH AFRICA,GAUTENG,BENONI,LAKEFIELD,LUCERNE,ST,2,-26.185755,28.287489,YES
SOUTH AFRICA,GAUTENG,BENONI,LAKEFIELD,LUCERNE,ST,3,-26.185435,28.288075,YES
SOUTH AFRICA,GAUTENG,BENONI,LAKEFIELD,LUCERNE,ST,4,-26.18520833,28.28762089,YES
SOUTH AFRICA,GAUTENG,BENONI,LAKEFIELD,LUCERNE,ST,5,-26.184815,28.288247,YES
SOUTH AFRICA,GAUTENG,BENONI,LAKEFIELD,LUCERNE,ST,6,-26.1845,28.2873,NO
SOUTH AFRICA,GAUTENG,BENONI,LAKEFIELD,LUCERNE,ST,7,-26.183498,28.288014,NO
SOUTH AFRICA,GAUTENG,BENONI,LAKEFIELD,LUCERNE,ST,8,-26.184155,28.287269,YES
SOUTH AFRICA,GAUTENG,BENONI,LAKEFIELD,LUCERNE,ST,9,-26.183068,28.287923,YES
SOUTH AFRICA,GAUTENG,BENONI,LAKEFIELD,LUCERNE,ST,10,-26.183785,28.287209,NO
SOUTH AFRICA,GAUTENG,BENONI,LAKEFIELD,LUCERNE,ST,12,-26.183455,28.287179,YES
SOUTH AFRICA,GAUTENG,BENONI,LAKEFIELD,LUCERNE,ST,13,-26.181425,28.287659,YES
SOUTH AFRICA,GAUTENG,BENONI,LAKEFIELD,LUCERNE,ST,14,-26.183155,28.287129,YES
SOUTH AFRICA,GAUTENG,BENONI,LAKEFIELD,LUCERNE,ST,16,-26.182865,28.287089,NO
SOUTH AFRICA,GAUTENG,BENONI,LAKEFIELD,LUCERNE,ST,18,-26.182565,28.287049,NO
SOUTH AFRICA,GAUTENG,BENONI,LAKEFIELD,LUCERNE,ST,20,-26.1821,28.287201,NO
SOUTH AFRICA,GAUTENG,BENONI,LAKEFIELD,LUCERNE,ST,24,-26.181,28.287001,YES
SOUTH AFRICA,GAUTENG,BENONI,LAKEFIELD,LUCERNE,ST,3A,-26.185416,28.288244,YES
SOUTH AFRICA,GAUTENG,BENONI,LAKEFIELD,LUCERNE,ST,3B,-26.185391,28.288432,NO
SOUTH AFRICA,GAUTENG,BENONI,LAKEFIELD,LUCERNE,ST,3C,-26.185377,28.288676,YES
SOUTH AFRICA,GAUTENG,BENONI,LAKEFIELD,LUCERNE,ST,3D,-26.185067,28.288388,NO
SOUTH AFRICA,GAUTENG,BENONI,LAKEFIELD,LUCERNE,ST,3E,-26.185104,28.288077,YES
SOUTH AFRICA,GAUTENG,BENONI,LAKEFIELD,LUNAR,RD,1,-26.196199,28.284201,YES
SOUTH AFRICA,GAUTENG,BENONI,LAKEFIELD,LUNAR,RD,2,-26.19654,28.283578,NO
SOUTH AFRICA,GAUTENG,BENONI,LAKEFIELD,LUNAR,RD,16,-26.194195,28.283349,YES
SOUTH AFRICA,GAUTENG,BENONI,LAKEFIELD,LUNAR,RD,18,-26.193895,28.283299,NO
SOUTH AFRICA,GAUTENG,BENONI,LAKEFIELD,LUNAR,RD,20,-26.193612,28.283175,YES
SOUTH AFRICA,GAUTENG,BENONI,LAKEFIELD,LUNAR,RD,22,-26.193317,28.283135,NO
SOUTH AFRICA,GAUTENG,BENONI,LAKEFIELD,LUNAR,RD,24,-26.193022,28.283096,YES
SOUTH AFRICA,GAUTENG,BENONI,LAKEFIELD,LUNAR,RD,26,-26.192721,28.283057,YES
SOUTH AFRICA,GAUTENG,BENONI,LAKEFIELD,LUNAR,RD,2A,-26.196263,28.283539,YES
SOUTH AFRICA,GAUTENG,BENONI,LAKEFIELD,MORGAN,CL,1,-26.184257,28.282481,NO
SOUTH AFRICA,GAUTENG,BENONI,LAKEFIELD,MORGAN,CL,2,-26.184234,28.282727,YES
SOUTH AFRICA,GAUTENG,BENONI,LAKEFIELD,MORGAN,CL,3,-26.184205,28.282966,NO
SOUTH AFRICA,GAUTENG,BENONI,LAKEFIELD,MORGAN,CL,4,-26.184179,28.283202,NO
SOUTH AFRICA,GAUTENG,BENONI,LAKEFIELD,MORGAN,CL,5,-26.184142,28.283465,YES
SOUTH AFRICA,GAUTENG,BENONI,LAKEFIELD,MORGAN,CL,6,-26.184176,28.283725,YES
SOUTH AFRICA,GAUTENG,BENONI,LAKEFIELD,MORGAN,CL,7,-26.184455,28.283749,NO
SOUTH AFRICA,GAUTENG,BENONI,LAKEFIELD,MORGAN,CL,8,-26.184512,28.283518,YES
SOUTH AFRICA,GAUTENG,BENONI,LAKEFIELD,MORGAN,CL,9,-26.184538,28.283276,YES
SOUTH AFRICA,GAUTENG,BENONI,LAKEFIELD,MORGAN,CL,10,-26.184555,28.283077,NO
SOUTH AFRICA,GAUTENG,BENONI,LAKEFIELD,MORGAN,CL,11,-26.184576,28.282888,YES
SOUTH AFRICA,GAUTENG,BENONI,LAKEFIELD,MORGAN,CL,12,-26.184594,28.2827,YES
SOUTH AFRICA,GAUTENG,BENONI,LAKEFIELD,MORGAN,CL,13,-26.184615,28.282509,YES
SOUTH AFRICA,GAUTENG,BENONI,LAKEFIELD,NAGEL,ST,1,-26.183679,28.284114,NO
SOUTH AFRICA,GAUTENG,BENONI,LAKEFIELD,NAGEL,ST,2,-26.18312536,28.28410393,YES
SOUTH AFRICA,GAUTENG,BENONI,LAKEFIELD,NAGEL,ST,3,-26.183725,28.283669,YES
SOUTH AFRICA,GAUTENG,BENONI,LAKEFIELD,NAGEL,ST,4,-26.183055,28.283749,NO
SOUTH AFRICA,GAUTENG,BENONI,LAKEFIELD,NAGEL,ST,5,-26.183783,28.283266,YES
SOUTH AFRICA,GAUTENG,BENONI,LAKEFIELD,NAGEL,ST,6,-26.183095,28.283409,NO
SOUTH AFRICA,GAUTENG,BENONI,LAKEFIELD,NAGEL,ST,7,-26.183815,28.282879,NO
SOUTH AFRICA,GAUTENG,BENONI,LAKEFIELD,NAGEL,ST,8,-26.183125,28.283069,YES
SOUTH AFRICA,GAUTENG,BENONI,LAKEFIELD,NAGEL,ST,10,-26.183165,28.282719,NO
SOUTH AFRICA,GAUTENG,BENONI,LAKEFIELD,NAGEL,ST,12,-26.183195,28.282379,YES
SOUTH AFRICA,GAUTENG,BENONI,LAKEFIELD,NESS,AV,1,-26.183059,28.292448,NO
SOUTH AFRICA,GAUTENG,BENONI,LAKEFIELD,NESS,AV,2,-26.182642,28.292496,NO
SOUTH AFRICA,GAUTENG,BENONI,LAKEFIELD,NESS,AV,3,-26.182975,28.291709,YES
SOUTH AFRICA,GAUTENG,BENONI,LAKEFIELD,NESS,AV,4,-26.182215,28.292149,NO
SOUTH AFRICA,GAUTENG,BENONI,LAKEFIELD,NESS,AV,5,-26.182785,28.291319,NO
SOUTH AFRICA,GAUTENG,BENONI,LAKEFIELD,NESS,AV,6,-26.182158,28.291633,NO
SOUTH AFRICA,GAUTENG,BENONI,LAKEFIELD,NESS,AV,7,-26.182605,28.290919,YES
SOUTH AFRICA,GAUTENG,BENONI,LAKEFIELD,NESS,AV,8,-26.181845,28.291369,YES
SOUTH AFRICA,GAUTENG,BENONI,LAKEFIELD,NESS,AV,9,-26.18222048,28.29066225,YES
SOUTH AFRICA,GAUTENG,BENONI,LAKEFIELD,NESS,AV,10,-26.181656,28.290979,NO
SOUTH AFRICA,GAUTENG,BENONI,LAKEFIELD,NESS,AV,11,-26.182165,28.289989,YES
SOUTH AFRICA,GAUTENG,BENONI,LAKEFIELD,NESS,AV,12,-26.181577,28.290483,YES
SOUTH AFRICA,GAUTENG,BENONI,LAKEFIELD,NESS,AV,13,-26.181975,28.289619,NO
SOUTH AFRICA,GAUTENG,BENONI,LAKEFIELD,NESS,AV,14,-26.181299,28.290199,YES
SOUTH AFRICA,GAUTENG,BENONI,LAKEFIELD,NESS,AV,15,-26.181795,28.289229,YES
SOUTH AFRICA,GAUTENG,BENONI,LAKEFIELD,NESS,AV,16,-26.181178,28.289583,NO
SOUTH AFRICA,GAUTENG,BENONI,LAKEFIELD,NESS,AV,17,-26.181605,28.288839,YES
SOUTH AFRICA,GAUTENG,BENONI,LAKEFIELD,NESS,AV,18,-26.180855,28.289279,NO
SOUTH AFRICA,GAUTENG,BENONI,LAKEFIELD,NESS,AV,19,-26.181425,28.288469,NO
SOUTH AFRICA,GAUTENG,BENONI,LAKEFIELD,NESS,AV,20,-26.180675,28.288889,YES
SOUTH AFRICA,GAUTENG,BENONI,LAKEFIELD,NESS,AV,21,-26.181082,28.288116,YES
SOUTH AFRICA,GAUTENG,BENONI,LAKEFIELD,NESS,AV,22,-26.180485,28.288499,YES
SOUTH AFRICA,GAUTENG,BENONI,LAKEFIELD,NESS,AV,23,-26.181085,28.287619,NO
SOUTH AFRICA,GAUTENG,BENONI,LAKEFIELD,NESS,AV,24,-26.180425,28.288098,YES
SOUTH AFRICA,GAUTENG,BENONI,LAKEFIELD,NESS,AV,25,-26.180985,28.286949,YES
SOUTH AFRICA,GAUTENG,BENONI,LAKEFIELD,NESS,AV,26,-26.180485,28.287439,YES
SOUTH AFRICA,GAUTENG,BENONI,LAKEFIELD,NESS,AV,27,-26.181015,28.286499,YES
SOUTH AFRICA,GAUTENG,BENONI,LAKEFIELD,NESS,AV,28,-26.180495,28.286959,NO
SOUTH AFRICA,GAUTENG,BENONI,LAKEFIELD,NESS,AV,29,-26.181055,28.286129,YES
SOUTH AFRICA,GAUTENG,BENONI,LAKEFIELD,NESS,AV,30,-26.180425,28.286509,YES
SOUTH AFRICA,GAUTENG,BENONI,LAKEFIELD,NESS,AV,31,-26.181095,28.285789,YES
SOUTH AFRICA,GAUTENG,BENONI,LAKEFIELD,NESS,AV,32,-26.180375,28.286099,YES
SOUTH AFRICA,GAUTENG,BENONI,LAKEFIELD,NESS,AV,33,-26.181125,28.285439,YES
SOUTH AFRICA,GAUTENG,BENONI,LAKEFIELD,NESS,AV,34,-26.180421,28.285723,NO
SOUTH AFRICA,GAUTENG,BENONI,LAKEFIELD,NESS,AV,35,-26.181179,28.285092,NO
SOUTH AFRICA,GAUTENG,BENONI,LAKEFIELD,NESS,AV,36,-26.180425,28.285359,YES
SOUTH AFRICA,GAUTENG,BENONI,LAKEFIELD,NESS,AV,37,-26.181215,28.284745,NO
SOUTH AFRICA,GAUTENG,BENONI,LAKEFIELD,NESS,AV,38,-26.180455,28.285039,YES
SOUTH AFRICA,GAUTENG,BENONI,LAKEFIELD,NESS,AV,40,-26.180485,28.284719,YES
SOUTH AFRICA,GAUTENG,BENONI,LAKEFIELD,NESS,AV,42,-26.180645,28.284369,NO
SOUTH AFRICA,GAUTENG,BENONI,LAKEFIELD,NESS,AV,12A,-26.181643,28.290696,NO
SOUTH AFRICA,GAUTENG,BENONI,LAKEFIELD,NESS,AV,1A,-26.18324,28.292313,NO
SOUTH AFRICA,GAUTENG,BENONI,LAKEFIELD,NESS,AV,1B,-26.183139,28.291992,NO
SOUTH AFRICA,GAUTENG,BENONI,LAKEFIELD,NESS,AV,1C,-26.182924,28.292137,NO
SOUTH AFRICA,GAUTENG,BENONI,LAKEFIELD,NESS,AV,20A,-26.18043854,28.28903673,YES
SOUTH AFRICA,GAUTENG,BENONI,LAKEFIELD,NESS,AV,21A,-26.181429,28.288162,NO
SOUTH AFRICA,GAUTENG,BENONI,LAKEFIELD,NESS,AV,6A,-26.182231,28.291855,YES
SOUTH AFRICA,GAUTENG,BENONI,LAKEFIELD,ORBIT,RD,1,-26.195435,28.287472,NO
SOUTH AFRICA,GAUTENG,BENONI,LAKEFIELD,ORBIT,RD,2,-26.194905,28.286899,NO
SOUTH AFRICA,GAUTENG,BENONI,LAKEFIELD,ORBIT,RD,3,-26.195472,28.287073,YES
SOUTH AFRICA,GAUTENG,BENONI,LAKEFIELD,ORBIT,RD,5,-26.195505,28.286689,YES
SOUTH AFRICA,GAUTENG,BENONI,LAKEFIELD,ORBIT,RD,7,-26.195542,28.286353,NO
SOUTH AFRICA,GAUTENG,BENONI,LAKEFIELD,RACECOURSE,RD,1,-26.196434,28.286597,YES
SOUTH AFRICA,GAUTENG,BENONI,LAKEFIELD,RACECOURSE,RD,3,-26.196008,28.286504,YES
SOUTH AFRICA,GAUTENG,BENONI,LAKEFIELD,RACECOURSE,RD,4,-26.195845,28.287829,YES
SOUTH AFRICA,GAUTENG,BENONI,LAKEFIELD,RACECOURSE,RD,6,-26.196018,28.287475,NO
SOUTH AFRICA,GAUTENG,BENONI,LAKEFIELD,RACECOURSE,RD,8,-26.196243,28.287034,NO
SOUTH AFRICA,GAUTENG,BENONI,LAKEFIELD,RACECOURSE,RD,14,-26.196939,28.285468,NO
SOUTH AFRICA,GAUTENG,BENONI,LAKEFIELD,RACECOURSE,RD,16,-26.197136,28.284952,YES
SOUTH AFRICA,GAUTENG,BENONI,LAKEFIELD,RACECOURSE,RD,6A,-26.196098,28.287204,YES
SOUTH AFRICA,GAUTENG,BENONI,LAKEFIELD,RACECOURSE,RD,6B,-26.195839,28.287152,YES
SOUTH AFRICA,GAUTENG,BENONI,LAKEFIELD,RACECOURSE,RD,6C,-26.195792,28.287439,NO
SOUTH AFRICA,GAUTENG,BENONI,LAKEFIELD,RACECOURSE,RD,8A,-26.196056,28.286947,NO
SOUTH AFRICA,GAUTENG,BENONI,LAKEFIELD,RACECOURSE,RD,8B,-26.19586,28.286829,NO
SOUTH AFRICA,GAUTENG,BENONI,LAKEFIELD,REEVA,RD,11,-26.185115,28.282677,YES
SOUTH AFRICA,GAUTENG,BENONI,LAKEFIELD,REEVA,RD,13,-26.184857,28.282644,NO
SOUTH AFRICA,GAUTENG,BENONI,LAKEFIELD,REEVA,RD,15,-26.184609,28.28251,YES
SOUTH AFRICA,GAUTENG,BENONI,LAKEFIELD,REEVA,RD,23,-26.183201,28.2824,YES
SOUTH AFRICA,GAUTENG,BENONI,LAKEFIELD,REEVA,RD,25,-26.182825,28.282279,YES
SOUTH AFRICA,GAUTENG,BENONI,LAKEFIELD,REEVA,RD,26,-26.185132,28.282069,YES
SOUTH AFRICA,GAUTENG,BENONI,LAKEFIELD,REEVA,RD,27,-26.182571,28.282243,YES
SOUTH AFRICA,GAUTENG,BENONI,LAKEFIELD,REEVA,RD,28,-26.184895,28.282009,YES
SOUTH AFRICA,GAUTENG,BENONI,LAKEFIELD,REEVA,RD,29,-26.182827,28.282277,YES
SOUTH AFRICA,GAUTENG,BENONI,LAKEFIELD,REEVA,RD,30,-26.184694,28.281956,NO
SOUTH AFRICA,GAUTENG,BENONI,LAKEFIELD,REEVA,RD,31,-26.181902,28.282149,NO
SOUTH AFRICA,GAUTENG,BENONI,LAKEFIELD,REEVA,RD,32,-26.184498,28.281924,YES
SOUTH AFRICA,GAUTENG,BENONI,LAKEFIELD,REEVA,RD,34,-26.184295,28.281899,YES
SOUTH AFRICA,GAUTENG,BENONI,LAKEFIELD,REEVA,RD,36,-26.184045,28.281869,YES
SOUTH AFRICA,GAUTENG,BENONI,LAKEFIELD,REEVA,RD,38,-26.183755,28.281829,YES
SOUTH AFRICA,GAUTENG,BENONI,LAKEFIELD,REEVA,RD,40,-26.183455,28.281789,YES
SOUTH AFRICA,GAUTENG,BENONI,LAKEFIELD,REEVA,RD,42,-26.1831738,28.28174954,YES
SOUTH AFRICA,GAUTENG,BENONI,LAKEFIELD,REEVA,RD,44,-26.182894,28.281867,YES
SOUTH AFRICA,GAUTENG,BENONI,LAKEFIELD,REEVA,RD,46,-26.182897,28.281698,YES
SOUTH AFRICA,GAUTENG,BENONI,LAKEFIELD,REEVA,RD,48,-26.182752,28.281681,NO
SOUTH AFRICA,GAUTENG,BENONI,LAKEFIELD,REEVA,RD,50,-26.18258,28.28183,NO
SOUTH AFRICA,GAUTENG,BENONI,LAKEFIELD,REEVA,RD,52,-26.182535,28.281648,NO
SOUTH AFRICA,GAUTENG,BENONI,LAKEFIELD,REEVA,RD,54,-26.182371,28.281631,NO
SOUTH AFRICA,GAUTENG,BENONI,LAKEFIELD,REEVA,RD,56,-26.182265,28.281789,NO
SOUTH AFRICA,GAUTENG,BENONI,LAKEFIELD,REEVA,RD,58,-26.182175,28.281602,NO
SOUTH AFRICA,GAUTENG,BENONI,LAKEFIELD,REEVA,RD,60,-26.181989,28.281744,NO
SOUTH AFRICA,GAUTENG,BENONI,LAKEFIELD,REEVA,RD,62,-26.181957,28.281564,YES
SOUTH AFRICA,GAUTENG,BENONI,LAKEFIELD,REEVA,RD,1\267,-26.184039,28.282528,YES
SOUTH AFRICA,GAUTENG,BENONI,LAKEFIELD,REEVA,RD,RE\267,-26.183772,28.282495,NO
SOUTH AFRICA,GAUTENG,BENONI,LAKEFIELD,ROCKET,CLS,7,-26.197201,28.2843,NO
SOUTH AFRICA,GAUTENG,BENONI,LAKEFIELD,ROCKET,CLS,789,-26.196694,28.284534,YES
SOUTH AFRICA,GAUTENG,BENONI,LAKEFIELD,ROCKET,CLS,790,-26.196919,28.284563,YES
SOUTH AFRICA,GAUTENG,BENONI,LAKEFIELD,ROCKET,CLS,791,-26.197148,28.284593,NO
SOUTH AFRICA,GAUTENG,BENONI,LAKEFIELD,ROCKET,CLS,792,-26.197392,28.284599,NO
SOUTH AFRICA,GAUTENG,BENONI,LAKEFIELD,ROCKET,CLS,793,-26.197483,28.284341,YES
SOUTH AFRICA,GAUTENG,BENONI,LAKEFIELD,ROCKET,CLS,795,-26.196971,28.284141,NO
SOUTH AFRICA,GAUTENG,BENONI,LAKEFIELD,ROCKET,CLS,796,-26.196737,28.284108,YES
SOUTH AFRICA,GAUTENG,BENONI,LAKEFIELD,ROCKET,RD,1,-26.196647,28.285907,YES
SOUTH AFRICA,GAUTENG,BENONI,LAKEFIELD,ROCKET,RD,2,-26.196092,28.285715,YES
SOUTH AFRICA,GAUTENG,BENONI,LAKEFIELD,ROCKET,RD,3,-26.196645,28.285392,NO
SOUTH AFRICA,GAUTENG,BENONI,LAKEFIELD,ROCKET,RD,4,-26.196153,28.285146,YES
SOUTH AFRICA,GAUTENG,BENONI,LAKEFIELD,ROCKET,RD,5,-26.196744,28.284895,NO
SOUTH AFRICA,GAUTENG,BENONI,LAKEFIELD,ROCKET,RD,6,-26.196202,28.284689,YES
SOUTH AFRICA,GAUTENG,BENONI,LAKEFIELD,ROCKET,RD,8,-26.196252,28.284234,NO
SOUTH AFRICA,GAUTENG,BENONI,LAKEFIELD,SHER,AV,1,-26.18492607,28.28758358,NO
SOUTH AFRICA,GAUTENG,BENONI,LAKEFIELD,SHER,AV,2,-26.18455,28.287317,YES
SOUTH AFRICA,GAUTENG,BENONI,LAKEFIELD,SHER,AV,3,-26.185225,28.287219,NO
SOUTH AFRICA,GAUTENG,BENONI,LAKEFIELD,SHER,AV,4,-26.18462,28.286565,YES
SOUTH AFRICA,GAUTENG,BENONI,LAKEFIELD,SHER,AV,5,-26.185277,28.286837,NO
SOUTH AFRICA,GAUTENG,BENONI,LAKEFIELD,SHER,AV,6,-26.184716,28.285736,YES
SOUTH AFRICA,GAUTENG,BENONI,LAKEFIELD,SHER,AV,7,-26.185302,28.286468,NO
SOUTH AFRICA,GAUTENG,BENONI,LAKEFIELD,SHER,AV,8,-26.184792,28.28508,YES
SOUTH AFRICA,GAUTENG,BENONI,LAKEFIELD,SHER,AV,9,-26.185212,28.285765,YES
SOUTH AFRICA,GAUTENG,BENONI,LAKEFIELD,SHER,AV,11,-26.185237,28.28513,NO
SOUTH AFRICA,GAUTENG,BENONI,LAKEFIELD,SHER,AV,12,-26.184838,28.283972,YES
SOUTH AFRICA,GAUTENG,BENONI,LAKEFIELD,SHER,AV,14,-26.184878,28.283644,YES
SOUTH AFRICA,GAUTENG,BENONI,LAKEFIELD,SHER,AV,16,-26.184905,28.283299,YES
SOUTH AFRICA,GAUTENG,BENONI,LAKEFIELD,SHER,AV,17,-26.185397,28.283736,NO
SOUTH AFRICA,GAUTENG,BENONI,LAKEFIELD,SHER,AV,18,-26.18495,28.283004,NO
SOUTH AFRICA,GAUTENG,BENONI,LAKEFIELD,SHER,AV,20,-26.185108,28.282677,NO
SOUTH AFRICA,GAUTENG,BENONI,LAKEFIELD,SHER,AV,22,-26.185124,28.282098,NO
SOUTH AFRICA,GAUTENG,BENONI,LAKEFIELD,STAFFORD,RD,2,-26.194913,28.286899,NO
SOUTH AFRICA,GAUTENG,BENONI,LAKEFIELD,STAFFORD,RD,3,-26.195318,28.287699,YES
SOUTH AFRICA,GAUTENG,BENONI,LAKEFIELD,STAFFORD,RD,4,-26.194569,28.286859,YES
SOUTH AFRICA,GAUTENG,BENONI,LAKEFIELD,STAFFORD,RD,5,-26.194953,28.287653,YES
SOUTH AFRICA,GAUTENG,BENONI,LAKEFIELD,STAFFORD,RD,6,-26.194228,28.286812,NO
SOUTH AFRICA,GAUTENG,BENONI,LAKEFIELD,STAFFORD,RD,7,-26.194629,28.287604,NO
SOUTH AFRICA,GAUTENG,BENONI,LAKEFIELD,STAFFORD,RD,8,-26.193888,28.286767,YES
SOUTH AFRICA,GAUTENG,BENONI,LAKEFIELD,STAFFORD,RD,9,-26.194332,28.287562,YES
SOUTH AFRICA,GAUTENG,BENONI,LAKEFIELD,STAFFORD,RD,10,-26.193548,28.286724,NO
SOUTH AFRICA,GAUTENG,BENONI,LAKEFIELD,STAFFORD,RD,11,-26.194036,28.287523,NO
SOUTH AFRICA,GAUTENG,BENONI,LAKEFIELD,STAFFORD,RD,12,-26.193283,28.286416,NO
SOUTH AFRICA,GAUTENG,BENONI,LAKEFIELD,STAFFORD,RD,13,-26.19373,28.287486,NO
SOUTH AFRICA,GAUTENG,BENONI,LAKEFIELD,STAFFORD,RD,15,-26.193441,28.287447,NO
SOUTH AFRICA,GAUTENG,BENONI,LAKEFIELD,SUMMER,WA,2,-26.179951,28.283559,NO
SOUTH AFRICA,GAUTENG,BENONI,LAKEFIELD,SUMMER,WA,4,-26.179974,28.283015,NO
SOUTH AFRICA,GAUTENG,BENONI,LAKEFIELD,SUMMER,WA,6,-26.179995,28.28252,NO
SOUTH AFRICA,GAUTENG,BENONI,LAKEFIELD,SUMMER,WA,8,-26.18008,28.281711,YES
SOUTH AFRICA,GAUTENG,BENONI,LAKEFIELD,SUMMER,WA,10,-26.180099,28.2817,YES
SOUTH AFRICA,GAUTENG,BENONI,LAKEFIELD,SUMMER,WA,695,-26.181217,28.281819,YES
SOUTH AFRICA,GAUTENG,BENONI,LAKEFIELD,SUMMER GLADES,ST,1,-26.187586,28.28322,NO
SOUTH AFRICA,GAUTENG,BENONI,LAKEFIELD,SUMMER GLADES,ST,2,-26.187598,28.282973,YES
SOUTH AFRICA,GAUTENG,BENONI,LAKEFIELD,SUMMER GLADES,ST,3,-26.187623,28.282747,NO
SOUTH AFRICA,GAUTENG,BENONI,LAKEFIELD,SUMMER GLADES,ST,4,-26.18765,28.282514,NO
SOUTH AFRICA,GAUTENG,BENONI,LAKEFIELD,SUMMER GLADES,ST,5,-26.187666,28.282222,NO
SOUTH AFRICA,GAUTENG,BENONI,LAKEFIELD,SUMMER GLADES,ST,6,-26.187328,28.282173,YES
SOUTH AFRICA,GAUTENG,BENONI,LAKEFIELD,SUMMER GLADES,ST,7,-26.187221,28.28247,NO
SOUTH AFRICA,GAUTENG,BENONI,LAKEFIELD,SUMMER GLADES,ST,8,-26.187383,28.282514,YES
SOUTH AFRICA,GAUTENG,BENONI,LAKEFIELD,SUMMER GLADES,ST,9,-26.187303,28.282699,YES
SOUTH AFRICA,GAUTENG,BENONI,LAKEFIELD,SUMMER GLADES,ST,10,-26.187288,28.282862,NO
SOUTH AFRICA,GAUTENG,BENONI,LAKEFIELD,SUMMER GLADES,ST,11,-26.187273,28.283024,NO
SOUTH AFRICA,GAUTENG,BENONI,LAKEFIELD,SUMMER GLADES,ST,12,-26.187253,28.283205,NO
SOUTH AFRICA,GAUTENG,BENONI,LAKEFIELD,SUMMER GLADES,ST,13,-26.187228,28.283571,YES
SOUTH AFRICA,GAUTENG,BENONI,LAKEFIELD,SUMMER GLADES,ST,14,-26.187085,28.283575,YES
SOUTH AFRICA,GAUTENG,BENONI,LAKEFIELD,SUMMER GLADES,ST,15,-26.18706,28.28385,YES
SOUTH AFRICA,GAUTENG,BENONI,LAKEFIELD,SUMMER GLADES,ST,16,-26.187221,28.283895,YES
SOUTH AFRICA,GAUTENG,BENONI,LAKEFIELD,SUMMER GLADES,ST,17,-26.187195,28.284138,NO
SOUTH AFRICA,GAUTENG,BENONI,LAKEFIELD,SUMMER GLADES,ST,18,-26.187028,28.284134,NO
SOUTH AFRICA,GAUTENG,BENONI,LAKEFIELD,SUMMER GLADES,ST,19,-26.187028,28.284313,YES
SOUTH AFRICA,GAUTENG,BENONI,LAKEFIELD,SUMMER GLADES,ST,20,-26.187005,28.284512,YES
SOUTH AFRICA,GAUTENG,BENONI,LAKEFIELD,SUMMER GLADES,ST,21,-26.187006,28.284676,YES
SOUTH AFRICA,GAUTENG,BENONI,LAKEFIELD,SUMMER GLADES,ST,22,-26.1872,28.28469,NO
SOUTH AFRICA,GAUTENG,BENONI,LAKEFIELD,SUMMER GLADES,ST,23,-26.187383,28.284716,YES
SOUTH AFRICA,GAUTENG,BENONI,LAKEFIELD,SUMMER GLADES,ST,24,-26.18742,28.284552,NO
SOUTH AFRICA,GAUTENG,BENONI,LAKEFIELD,SUMMER GLADES,ST,25,-26.187447,28.284319,NO
SOUTH AFRICA,GAUTENG,BENONI,LAKEFIELD,SUMMER GLADES,ST,26,-26.187473,28.284087,YES
SOUTH AFRICA,GAUTENG,BENONI,LAKEFIELD,SUMMER GLADES,ST,27,-26.187499,28.283855,NO
SOUTH AFRICA,GAUTENG,BENONI,LAKEFIELD,SUMMER GLADES,ST,28,-26.187526,28.283619,YES
SOUTH AFRICA,GAUTENG,BENONI,LAKEFIELD,SUNNY,RD,1,-26.196407,28.286558,YES
SOUTH AFRICA,GAUTENG,BENONI,LAKEFIELD,SUNNY,RD,1,-26.18935363,28.2863313,NO
SOUTH AFRICA,GAUTENG,BENONI,LAKEFIELD,SUNNY,RD,2,-26.196699,28.2859,NO
SOUTH AFRICA,GAUTENG,BENONI,LAKEFIELD,SUNNY,RD,2,-26.18915178,28.28630925,NO
SOUTH AFRICA,GAUTENG,BENONI,LAKEFIELD,SUNNY,RD,3,-26.195999,28.286501,YES
SOUTH AFRICA,GAUTENG,BENONI,LAKEFIELD,SUNNY,RD,3,-26.18912558,28.28655767,YES
SOUTH AFRICA,GAUTENG,BENONI,LAKEFIELD,SUNNY,RD,4,-26.189334,28.286629,YES
SOUTH AFRICA,GAUTENG,BENONI,LAKEFIELD,SUNNY,RD,4,-26.189342,28.286631,YES
SOUTH AFRICA,GAUTENG,BENONI,LAKEFIELD,SUNNY,RD,5,-26.195548,28.286352,NO
SOUTH AFRICA,GAUTENG,BENONI,LAKEFIELD,SUNNY,RD,5,-26.18959184,28.28667581,NO
SOUTH AFRICA,GAUTENG,BENONI,LAKEFIELD,SUNNY,RD,6,-26.189634,28.286299,NO
SOUTH AFRICA,GAUTENG,BENONI,LAKEFIELD,SUNNY,RD,7,-26.194955,28.286369,NO
SOUTH AFRICA,GAUTENG,BENONI,LAKEFIELD,SUNNY,RD,8,-26.195417,28.284479,NO
SOUTH AFRICA,GAUTENG,BENONI,LAKEFIELD,SUNNY,RD,9,-26.194625,28.286319,NO
SOUTH AFRICA,GAUTENG,BENONI,LAKEFIELD,SUNNY,RD,10,-26.195417,28.284479,NO
SOUTH AFRICA,GAUTENG,BENONI,LAKEFIELD,SUNNY,RD,11,-26.194285,28.286279,YES
SOUTH AFRICA,GAUTENG,BENONI,LAKEFIELD,SUNNY,RD,12,-26.193795,28.285429,YES
SOUTH AFRICA,GAUTENG,BENONI,LAKEFIELD,SUNNY,RD,13,-26.193945,28.286231,NO
SOUTH AFRICA,GAUTENG,BENONI,LAKEFIELD,SUNNY,RD,15,-26.193594,28.286189,YES
SOUTH AFRICA,GAUTENG,BENONI,LAKEFIELD,SUNNY,RD,16,-26.194529,28.284358,YES
SOUTH AFRICA,GAUTENG,BENONI,LAKEFIELD,SUNNY,RD,17,-26.193076,28.285994,YES
SOUTH AFRICA,GAUTENG,BENONI,LAKEFIELD,SUNNY,RD,19,-26.192623,28.285919,YES
SOUTH AFRICA,GAUTENG,BENONI,LAKEFIELD,SUNNY,RD,20,-26.193799,28.285426,YES
SOUTH AFRICA,GAUTENG,BENONI,LAKEFIELD,SUNNY,RD,24,-26.193234,28.285489,NO
SOUTH AFRICA,GAUTENG,BENONI,LAKEFIELD,SUNNY,RD,37,-26.190814,28.285669,YES
SOUTH AFRICA,GAUTENG,BENONI,LAKEFIELD,SUNNY,RD,39,-26.190574,28.285639,YES
SOUTH AFRICA,GAUTENG,BENONI,LAKEFIELD,SUNNY,RD,45,-26.189414,28.285784,NO
SOUTH AFRICA,GAUTENG,BENONI,LAKEFIELD,SUNNY,RD,47,-26.189422,28.285494,YES
SOUTH AFRICA,GAUTENG,BENONI,LAKEFIELD,SUNNY,RD,49,-26.18892,28.285449,YES
SOUTH AFRICA,GAUTENG,BENONI,LAKEFIELD,SUNNY,RD,51,-26.186085,28.285217,YES
SOUTH AFRICA,GAUTENG,BENONI,LAKEFIELD,SUNNY,RD,53,-26.188105,28.285489,YES
SOUTH AFRICA,GAUTENG,BENONI,LAKEFIELD,SUNNY,RD,55,-26.187825,28.285459,YES
SOUTH AFRICA,GAUTENG,BENONI,LAKEFIELD,SUNNY,RD,55,-26.187818,28.285454,NO
SOUTH AFRICA,GAUTENG,BENONI,LAKEFIELD,SUNNY,RD,57,-26.187575,28.285429,YES
SOUTH AFRICA,GAUTENG,BENONI,LAKEFIELD,SUNNY,RD,59,-26.187245,28.285419,NO
SOUTH AFRICA,GAUTENG,BENONI,LAKEFIELD,SUNNY,RD,61,-26.186835,28.285267,NO
SOUTH AFRICA,GAUTENG,BENONI,LAKEFIELD,SUNNY,RD,62,-26.188445,28.284829,NO
SOUTH AFRICA,GAUTENG,BENONI,LAKEFIELD,SUNNY,RD,63,-26.187047,28.285399,YES
SOUTH AFRICA,GAUTENG,BENONI,LAKEFIELD,SUNNY,RD,64,-26.18786594,28.28477207,NO
SOUTH AFRICA,GAUTENG,BENONI,LAKEFIELD,SUNNY,RD,65,-26.186399,28.285299,YES
SOUTH AFRICA,GAUTENG,BENONI,LAKEFIELD,SUNNY,RD,66,-26.18762654,28.28472576,NO
SOUTH AFRICA,GAUTENG,BENONI,LAKEFIELD,SUNNY,RD,69,-26.186076,28.285217,NO
SOUTH AFRICA,GAUTENG,BENONI,LAKEFIELD,SUNNY,RD,70,-26.187201,28.2847,YES
SOUTH AFRICA,GAUTENG,BENONI,LAKEFIELD,SUNNY,RD,71,-26.185779,28.285174,YES
SOUTH AFRICA,GAUTENG,BENONI,LAKEFIELD,SUNNY,RD,73,-26.185509,28.285148,YES
SOUTH AFRICA,GAUTENG,BENONI,LAKEFIELD,SUNNY,RD,74,-26.186665,28.283719,NO
SOUTH AFRICA,GAUTENG,BENONI,LAKEFIELD,SUNNY,RD,75,-26.185386,28.284931,NO
SOUTH AFRICA,GAUTENG,BENONI,LAKEFIELD,SUNNY,RD,76,-26.186696,28.283719,NO
SOUTH AFRICA,GAUTENG,BENONI,LAKEFIELD,SUNNY,RD,78,-26.185761,28.284275,YES
SOUTH AFRICA,GAUTENG,BENONI,LAKEFIELD,SUNNY,RD,79,-26.184415,28.285029,NO
SOUTH AFRICA,GAUTENG,BENONI,LAKEFIELD,SUNNY,RD,81,-26.184045,28.284979,NO
SOUTH AFRICA,GAUTENG,BENONI,LAKEFIELD,SUNNY,RD,83,-26.18374,28.284913,YES
SOUTH AFRICA,GAUTENG,BENONI,LAKEFIELD,SUNNY,RD,85,-26.183445,28.284879,YES
SOUTH AFRICA,GAUTENG,BENONI,LAKEFIELD,SUNNY,RD,87,-26.183123,28.284827,NO
SOUTH AFRICA,GAUTENG,BENONI,LAKEFIELD,SUNNY,RD,88,-26.184925,28.284329,YES
SOUTH AFRICA,GAUTENG,BENONI,LAKEFIELD,SUNNY,RD,89,-26.182815,28.284789,YES
SOUTH AFRICA,GAUTENG,BENONI,LAKEFIELD,SUNNY,RD,90,-26.184665,28.284289,YES
SOUTH AFRICA,GAUTENG,BENONI,LAKEFIELD,SUNNY,RD,91,-26.182388,28.284685,YES
SOUTH AFRICA,GAUTENG,BENONI,LAKEFIELD,SUNNY,RD,92,-26.184409,28.284311,YES
SOUTH AFRICA,GAUTENG,BENONI,LAKEFIELD,SUNNY,RD,94,-26.184075,28.28427,YES
SOUTH AFRICA,GAUTENG,BENONI,LAKEFIELD,SUNNY,RD,96,-26.183696,28.284114,YES
SOUTH AFRICA,GAUTENG,BENONI,LAKEFIELD,SUNNY,RD,97,-26.181945,28.284628,YES
SOUTH AFRICA,GAUTENG,BENONI,LAKEFIELD,SUNNY,RD,97,-26.181935,28.284629,NO
SOUTH AFRICA,GAUTENG,BENONI,LAKEFIELD,SUNNY,RD,99,-26.181649,28.284592,NO
SOUTH AFRICA,GAUTENG,BENONI,LAKEFIELD,SUNNY,RD,100,-26.183015,28.284092,NO
SOUTH AFRICA,GAUTENG,BENONI,LAKEFIELD,SUNNY,RD,101,-26.181257,28.284393,NO
SOUTH AFRICA,GAUTENG,BENONI,LAKEFIELD,SUNNY,RD,102,-26.18263,28.283929,NO
SOUTH AFRICA,GAUTENG,BENONI,LAKEFIELD,SUNNY,RD,104,-26.182597,28.284075,NO
SOUTH AFRICA,GAUTENG,BENONI,LAKEFIELD,SUNNY,RD,106,-26.182368,28.284038,NO
SOUTH AFRICA,GAUTENG,BENONI,LAKEFIELD,SUNNY,RD,107,-26.180257,28.2843,NO
SOUTH AFRICA,GAUTENG,BENONI,LAKEFIELD,SUNNY,RD,108,-26.181716,28.283946,YES
SOUTH AFRICA,GAUTENG,BENONI,LAKEFIELD,SUNNY,RD,109,-26.179785,28.284229,NO
SOUTH AFRICA,GAUTENG,BENONI,LAKEFIELD,SUNNY,RD,110,-26.18097355,28.28380555,YES
SOUTH AFRICA,GAUTENG,BENONI,LAKEFIELD,SUNNY,RD,280,-26.181515,28.284024,NO
SOUTH AFRICA,GAUTENG,BENONI,LAKEFIELD,SUNNY,RD,106A,-26.182604,28.284077,YES
SOUTH AFRICA,GAUTENG,BENONI,LAKEFIELD,SUNNY,RD,3\921,-26.188808,28.284849,YES
SOUTH AFRICA,GAUTENG,BENONI,LAKEFIELD,SUNNY,RD,4\921,-26.188934,28.28497,NO
SOUTH AFRICA,GAUTENG,BENONI,LAKEFIELD,SUNNY,RD,71A,-26.185897,28.285193,NO
SOUTH AFRICA,GAUTENG,BENONI,LAKEFIELD,SUNNY,RD,91A,-26.182604,28.284738,NO
SOUTH AFRICA,GAUTENG,BENONI,LAKEFIELD,SUNNY,RD,91B,-26.182145,28.284691,YES
SOUTH AFRICA,GAUTENG,BENONI,LAKEFIELD,SUNNY,RD,92A,-26.184395,28.284039,NO
SOUTH AFRICA,GAUTENG,BENONI,LAKEFIELD,SUNNY,RD,94A,-26.1841327,28.28400356,NO
SOUTH AFRICA,GAUTENG,BENONI,LAKEFIELD,SUNNYSIDE,AV,1,-26.187109,28.28986,NO
SOUTH AFRICA,GAUTENG,BENONI,LAKEFIELD,SUNNYSIDE,AV,65,-26.190115,28.287961,YES
SOUTH AFRICA,GAUTENG,BENONI,LAKEFIELD,SUNNYSIDE,AV,67,-26.189612,28.288644,NO
SOUTH AFRICA,GAUTENG,BENONI,LAKEFIELD,SUNNYSIDE,AV,69,-26.188984,28.28868,YES
SOUTH AFRICA,GAUTENG,BENONI,LAKEFIELD,SUNNYSIDE,AV,71,-26.188676,28.288899,NO
SOUTH AFRICA,GAUTENG,BENONI,LAKEFIELD,SUNNYSIDE,AV,73,-26.187888,28.289404,YES
SOUTH AFRICA,GAUTENG,BENONI,LAKEFIELD,SUNNYSIDE,AV,75,-26.187543,28.289657,YES
SOUTH AFRICA,GAUTENG,BENONI,LAKEFIELD,SUNNYSIDE,AV,77,-26.187113,28.289862,NO
SOUTH AFRICA,GAUTENG,BENONI,LAKEFIELD,SUNNYSIDE,AV,79,-26.18675879,28.29036039,NO
SOUTH AFRICA,GAUTENG,BENONI,LAKEFIELD,SUNNYSIDE,AV,81,-26.186314,28.290456,NO
SOUTH AFRICA,GAUTENG,BENONI,LAKEFIELD,SUNNYSIDE,AV,83,-26.185798,28.290586,NO
SOUTH AFRICA,GAUTENG,BENONI,LAKEFIELD,SUNNYSIDE,AV,91,-26.183579,28.292037,YES
SOUTH AFRICA,GAUTENG,BENONI,LAKEFIELD,SUNNYSIDE,AV,95,-26.18243,28.292619,YES
SOUTH AFRICA,GAUTENG,BENONI,LAKEFIELD,SUNNYSIDE,AV,97,-26.182106,28.292852,NO
SOUTH AFRICA,GAUTENG,BENONI,LAKEFIELD,SUNNYSIDE,AV,99,-26.181666,28.293086,YES
SOUTH AFRICA,GAUTENG,BENONI,LAKEFIELD,SUNNYSIDE,AV,71A,-26.188676,28.288899,NO
SOUTH AFRICA,GAUTENG,BENONI,LAKEFIELD,SUNNYSIDE,AV,81A,-26.186066,28.290457,YES
SOUTH AFRICA,GAUTENG,BENONI,LAKEFIELD,THATCH,WA,1,-26.188574,28.287729,NO
SOUTH AFRICA,GAUTENG,BENONI,LAKEFIELD,THATCH,WA,2,-26.188628,28.287219,NO
SOUTH AFRICA,GAUTENG,BENONI,LAKEFIELD,THATCH,WA,3,-26.188849,28.287945,NO
SOUTH AFRICA,GAUTENG,BENONI,LAKEFIELD,THATCH,WA,4,-26.188894,28.287259,NO
SOUTH AFRICA,GAUTENG,BENONI,LAKEFIELD,THATCH,WA,5,-26.189094,28.288019,NO
SOUTH AFRICA,GAUTENG,BENONI,LAKEFIELD,THATCH,WA,6,-26.18917,28.287291,NO
SOUTH AFRICA,GAUTENG,BENONI,LAKEFIELD,THATCH,WA,7,-26.189384,28.288069,YES
SOUTH AFRICA,GAUTENG,BENONI,LAKEFIELD,THATCH,WA,8,-26.189474,28.287129,NO
SOUTH AFRICA,GAUTENG,BENONI,LAKEFIELD,THATCH,WA,9,-26.189434,28.287499,YES
SOUTH AFRICA,GAUTENG,BENONI,LAKEFIELD,VERNON,ST,1,-26.186667,28.283718,NO
SOUTH AFRICA,GAUTENG,BENONI,LAKEFIELD,VERNON,ST,2,-26.18775579,28.28322457,NO
SOUTH AFRICA,GAUTENG,BENONI,LAKEFIELD,VERNON,ST,3,-26.187526,28.283619,NO
SOUTH AFRICA,GAUTENG,BENONI,LAKEFIELD,VERNON,ST,4,-26.187586,28.28322,YES
SOUTH AFRICA,GAUTENG,BENONI,LAKEFIELD,VERNON,ST,5,-26.187228,28.283571,NO
SOUTH AFRICA,GAUTENG,BENONI,LAKEFIELD,VERNON,ST,6,-26.187253,28.283205,YES
SOUTH AFRICA,GAUTENG,BENONI,LAKEFIELD,VERNON,ST,7,-26.187085,28.283575,NO
SOUTH AFRICA,GAUTENG,BENONI,LAKEFIELD,VERNON,ST,685,-26.186767,28.28231,NO
SOUTH AFRICA,GAUTENG,BENONI,LAKEFIELD,VERNON,ST,686,-26.187015,28.282273,NO
SOUTH AFRICA,GAUTENG,BENONI,LAKEFIELD,VERNON,ST,1A,-26.18768975,28.28366008,NO
SOUTH AFRICA,GAUTENG,BENONI,LAKEFIELD,VERNON,ST,1B,-26.18779777,28.28368406,YES
SOUTH AFRICA,GAUTENG,BENONI,LAKEFIELD,WESTFIELD,RD,1,-26.188338,28.28907,YES
SOUTH AFRICA,GAUTENG,BENONI,LAKEFIELD,WESTFIELD,RD,2,-26.187901,28.2894,NO
SOUTH AFRICA,GAUTENG,BENONI,LAKEFIELD,WESTFIELD,RD,3,-26.187972,28.288425,YES
SOUTH AFRICA,GAUTENG,BENONI,LAKEFIELD,WESTFIELD,RD,4,-26.187599,28.289101,NO
SOUTH AFRICA,GAUTENG,BENONI,LAKEFIELD,WESTFIELD,RD,6,-26.187401,28.288601,NO
SOUTH AFRICA,GAUTENG,BENONI,LAKEFIELD,WESTFIELD,RD,8,-26.187133,28.288249,YES
SOUTH AFRICA,GAUTENG,BENONI,LAKEFIELD,WESTFIELD,RD,4A,-26.18754,28.28889,YES
SOUTH AFRICA,GAUTENG,BENONI,LAKEFIELD,WOLK,ST,2,-26.193935,28.283849,NO
SOUTH AFRICA,GAUTENG,BENONI,LAKEFIELD,WOLK,ST,4,-26.193905,28.284169,YES
SOUTH AFRICA,GAUTENG,BENONI,LAKEFIELD,WOLK,ST,6,-26.193795,28.284509,NO
SOUTH AFRICA,GAUTENG,BENONI,LAKEFIELD,WOLK,ST,8,-26.193865,28.284889,NO
SOUTH AFRICA,GAUTENG,BENONI,THE STEWARDS,BILSLAND,ST,1,-26.200235,28.293009,YES
SOUTH AFRICA,GAUTENG,BENONI,THE STEWARDS,BILSLAND,ST,2,-26.2006,28.293301,NO
SOUTH AFRICA,GAUTENG,BENONI,THE STEWARDS,BILSLAND,ST,3,-26.200105,28.293289,YES
SOUTH AFRICA,GAUTENG,BENONI,THE STEWARDS,BILSLAND,ST,4,-26.200655,28.293619,NO
SOUTH AFRICA,GAUTENG,BENONI,THE STEWARDS,BILSLAND,ST,5,-26.200085,28.293549,NO
SOUTH AFRICA,GAUTENG,BENONI,THE STEWARDS,BILSLAND,ST,6,-26.200575,28.293849,YES
SOUTH AFRICA,GAUTENG,BENONI,THE STEWARDS,BILSLAND,ST,7,-26.1999,28.2939,YES
SOUTH AFRICA,GAUTENG,BENONI,THE STEWARDS,BILSLAND,ST,8,-26.200485,28.294089,YES
SOUTH AFRICA,GAUTENG,BENONI,THE STEWARDS,BILSLAND,ST,10,-26.200315,28.294349,YES
SOUTH AFRICA,GAUTENG,BENONI,THE STEWARDS,BRAND,ST,1,-26.196815,28.286659,NO
SOUTH AFRICA,GAUTENG,BENONI,THE STEWARDS,BRAND,ST,2,-26.197115,28.287899,NO
SOUTH AFRICA,GAUTENG,BENONI,THE STEWARDS,BRAND,ST,3,-26.196775,28.287009,NO
SOUTH AFRICA,GAUTENG,BENONI,THE STEWARDS,BRAND,ST,4,-26.197065,28.288169,NO
SOUTH AFRICA,GAUTENG,BENONI,THE STEWARDS,BRAND,ST,5,-26.196805,28.287359,YES
SOUTH AFRICA,GAUTENG,BENONI,THE STEWARDS,BRAND,ST,6,-26.196975,28.288439,NO
SOUTH AFRICA,GAUTENG,BENONI,THE STEWARDS,BRAND,ST,7,-26.196766,28.287698,NO
SOUTH AFRICA,GAUTENG,BENONI,THE STEWARDS,BRAND,ST,8,-26.197185,28.288549,YES
SOUTH AFRICA,GAUTENG,BENONI,THE STEWARDS,BRAND,ST,9,-26.196535,28.287939,YES
SOUTH AFRICA,GAUTENG,BENONI,THE STEWARDS,BRAND,ST,10,-26.197295,28.288789,YES
SOUTH AFRICA,GAUTENG,BENONI,THE STEWARDS,BRAND,ST,12,-26.197415,28.289019,NO
SOUTH AFRICA,GAUTENG,BENONI,THE STEWARDS,BRAND,ST,14,-26.197515,28.289259,NO
SOUTH AFRICA,GAUTENG,BENONI,THE STEWARDS,BRAND,ST,16,-26.197625,28.289459,YES
SOUTH AFRICA,GAUTENG,BENONI,THE STEWARDS,BRAND,ST,18,-26.197735,28.289659,NO
SOUTH AFRICA,GAUTENG,BENONI,THE STEWARDS,BRAND,ST,20,-26.197855,28.289859,YES
SOUTH AFRICA,GAUTENG,BENONI,THE STEWARDS,BRAND,ST,22,-26.197965,28.290059,YES
SOUTH AFRICA,GAUTENG,BENONI,THE STEWARDS,BRAND,ST,24,-26.198075,28.290259,NO
SOUTH AFRICA,GAUTENG,BENONI,THE STEWARDS,BRAND,ST,26,-26.198195,28.290459,NO
SOUTH AFRICA,GAUTENG,BENONI,THE STEWARDS,BRAND,ST,28,-26.198325,28.290659,NO
SOUTH AFRICA,GAUTENG,BENONI,THE STEWARDS,BRAND,ST,30,-26.19845,28.29085,NO
SOUTH AFRICA,GAUTENG,BENONI,THE STEWARDS,BRAND,ST,32,-26.19858,28.29104,YES
SOUTH AFRICA,GAUTENG,BENONI,THE STEWARDS,BRAND,ST,34,-26.198715,28.291239,NO
SOUTH AFRICA,GAUTENG,BENONI,THE STEWARDS,BRAND,ST,36,-26.198855,28.291419,YES
SOUTH AFRICA,GAUTENG,BENONI,THE STEWARDS,BRAND,ST,38,-26.198805,28.291749,YES
SOUTH AFRICA,GAUTENG,BENONI,THE STEWARDS,BRAND,ST,40,-26.199075,28.292239,NO
SOUTH AFRICA,GAUTENG,BENONI,THE STEWARDS,BRAND,ST,42,-26.199245,28.292589,YES
SOUTH AFRICA,GAUTENG,BENONI,THE STEWARDS,BRAND,ST,44,-26.199435,28.292859,NO
SOUTH AFRICA,GAUTENG,BENONI,THE STEWARDS,BRAND,ST,46,-26.199595,28.293079,NO
SOUTH AFRICA,GAUTENG,BENONI,THE STEWARDS,BRAND,ST,48,-26.199695,28.293299,NO
SOUTH AFRICA,GAUTENG,BENONI,THE STEWARDS,BRAND,ST,50,-26.199775,28.293569,NO
SOUTH AFRICA,GAUTENG,BENONI,THE STEWARDS,BRAND,ST,52,-26.199945,28.293899,YES
SOUTH AFRICA,GAUTENG,BENONI,THE STEWARDS,BRAND,ST,56,-26.200465,28.294579,YES
SOUTH AFRICA,GAUTENG,BENONI,THE STEWARDS,BRAND,ST,58,-26.200535,28.294809,YES
SOUTH AFRICA,GAUTENG,BENONI,THE STEWARDS,BRAND,ST,60,-26.200594,28.295079,YES
SOUTH AFRICA,GAUTENG,BENONI,THE STEWARDS,BRAND,ST,62,-26.200764,28.295399,NO
SOUTH AFRICA,GAUTENG,BENONI,THE STEWARDS,CALDERWOOD,ST,1,-26.1991,28.2922,YES
SOUTH AFRICA,GAUTENG,BENONI,THE STEWARDS,CALDERWOOD,ST,2,-26.198799,28.2918,NO
SOUTH AFRICA,GAUTENG,BENONI,THE STEWARDS,CALDERWOOD,ST,3,-26.199385,28.292419,YES
SOUTH AFRICA,GAUTENG,BENONI,THE STEWARDS,CALDERWOOD,ST,4,-26.199025,28.291609,NO
SOUTH AFRICA,GAUTENG,BENONI,THE STEWARDS,CALDERWOOD,ST,5,-26.199635,28.292629,NO
SOUTH AFRICA,GAUTENG,BENONI,THE STEWARDS,CALDERWOOD,ST,6,-26.199305,28.291649,YES
SOUTH AFRICA,GAUTENG,BENONI,THE STEWARDS,CALDERWOOD,ST,7,-26.199835,28.292799,YES
SOUTH AFRICA,GAUTENG,BENONI,THE STEWARDS,CALDERWOOD,ST,8,-26.199455,28.291829,YES
SOUTH AFRICA,GAUTENG,BENONI,THE STEWARDS,CALDERWOOD,ST,9,-26.200015,28.292929,YES
SOUTH AFRICA,GAUTENG,BENONI,THE STEWARDS,CALDERWOOD,ST,10,-26.199635,28.291959,NO
SOUTH AFRICA,GAUTENG,BENONI,THE STEWARDS,CALDERWOOD,ST,11,-26.200235,28.293009,YES
SOUTH AFRICA,GAUTENG,BENONI,THE STEWARDS,CALDERWOOD,ST,12,-26.199815,28.292079,YES
SOUTH AFRICA,GAUTENG,BENONI,THE STEWARDS,CALDERWOOD,ST,13,-26.200615,28.293249,YES
SOUTH AFRICA,GAUTENG,BENONI,THE STEWARDS,CALDERWOOD,ST,14,-26.200005,28.292199,YES
SOUTH AFRICA,GAUTENG,BENONI,THE STEWARDS,CALDERWOOD,ST,15,-26.200825,28.293339,NO
SOUTH AFRICA,GAUTENG,BENONI,THE STEWARDS,CALDERWOOD,ST,16,-26.200195,28.292309,NO
SOUTH AFRICA,GAUTENG,BENONI,THE STEWARDS,CALDERWOOD,ST,17,-26.201035,28.293429,YES
SOUTH AFRICA,GAUTENG,BENONI,THE STEWARDS,CALDERWOOD,ST,18,-26.200385,28.292419,NO
SOUTH AFRICA,GAUTENG,BENONI,THE STEWARDS,CALDERWOOD,ST,19,-26.201245,28.293529,NO
SOUTH AFRICA,GAUTENG,BENONI,THE STEWARDS,CALDERWOOD,ST,20,-26.200555,28.292529,YES
SOUTH AFRICA,GAUTENG,BENONI,THE STEWARDS,CALDERWOOD,ST,21,-26.201401,28.2936,YES
SOUTH AFRICA,GAUTENG,BENONI,THE STEWARDS,CALDERWOOD,ST,22,-26.200745,28.292609,NO
SOUTH AFRICA,GAUTENG,BENONI,THE STEWARDS,CALDERWOOD,ST,24,-26.200935,28.292689,NO
SOUTH AFRICA,GAUTENG,BENONI,THE STEWARDS,CALDERWOOD,ST,26,-26.201145,28.292769,YES
SOUTH AFRICA,GAUTENG,BENONI,THE STEWARDS,CALDERWOOD,ST,28,-26.201345,28.292839,NO
SOUTH AFRICA,GAUTENG,BENONI,THE STEWARDS,CALDERWOOD,ST,30,-26.201545,28.293139,NO
SOUTH AFRICA,GAUTENG,BENONI,THE STEWARDS,HEWITT,ST,1,-26.2008,28.295401,NO
SOUTH AFRICA,GAUTENG,BENONI,THE STEWARDS,HEWITT,ST,2,-26.201074,28.296349,YES
SOUTH AFRICA,GAUTENG,BENONI,THE STEWARDS,HEWITT,ST,3,-26.200904,28.295059,YES
SOUTH AFRICA,GAUTENG,BENONI,THE STEWARDS,HEWITT,ST,4,-26.200994,28.296019,NO
SOUTH AFRICA,GAUTENG,BENONI,THE STEWARDS,HEWITT,ST,5,-26.200935,28.294779,NO
SOUTH AFRICA,GAUTENG,BENONI,THE STEWARDS,HEWITT,ST,6,-26.201184,28.296029,YES
SOUTH AFRICA,GAUTENG,BENONI,THE STEWARDS,HEWITT,ST,7,-26.200965,28.294539,NO
SOUTH AFRICA,GAUTENG,BENONI,THE STEWARDS,HEWITT,ST,8,-26.201254,28.295789,YES
SOUTH AFRICA,GAUTENG,BENONI,THE STEWARDS,HEWITT,ST,9,-26.201005,28.294329,NO
SOUTH AFRICA,GAUTENG,BENONI,THE STEWARDS,HEWITT,ST,10,-26.201134,28.295639,YES
SOUTH AFRICA,GAUTENG,BENONI,THE STEWARDS,HEWITT,ST,11,-26.201095,28.294089,NO
SOUTH AFRICA,GAUTENG,BENONI,THE STEWARDS,HEWITT,ST,12,-26.201224,28.295379,NO
SOUTH AFRICA,GAUTENG,BENONI,THE STEWARDS,HEWITT,ST,13,-26.201185,28.293859,NO
SOUTH AFRICA,GAUTENG,BENONI,THE STEWARDS,HEWITT,ST,14,-26.201424,28.295419,YES
SOUTH AFRICA,GAUTENG,BENONI,THE STEWARDS,HEWITT,ST,15,-26.201445,28.293629,YES
SOUTH AFRICA,GAUTENG,BENONI,THE STEWARDS,HEWITT,ST,16,-26.201484,28.295169,NO
SOUTH AFRICA,GAUTENG,BENONI,THE STEWARDS,HEWITT,ST,17,-26.2015,28.2931,NO
SOUTH AFRICA,GAUTENG,BENONI,THE STEWARDS,HEWITT,ST,18,-26.201374,28.295019,YES
SOUTH AFRICA,GAUTENG,BENONI,THE STEWARDS,HEWITT,ST,19,-26.201625,28.292939,NO
SOUTH AFRICA,GAUTENG,BENONI,THE STEWARDS,HEWITT,ST,20,-26.201465,28.294749,NO
SOUTH AFRICA,GAUTENG,BENONI,THE STEWARDS,HEWITT,ST,21,-26.201705,28.292739,NO
SOUTH AFRICA,GAUTENG,BENONI,THE STEWARDS,HEWITT,ST,22,-26.201655,28.294789,NO
SOUTH AFRICA,GAUTENG,BENONI,THE STEWARDS,HEWITT,ST,24,-26.201725,28.294539,YES
SOUTH AFRICA,GAUTENG,BENONI,THE STEWARDS,HEWITT,ST,26,-26.201605,28.294389,NO
SOUTH AFRICA,GAUTENG,BENONI,THE STEWARDS,HEWITT,ST,28,-26.201705,28.294129,NO
SOUTH AFRICA,GAUTENG,BENONI,THE STEWARDS,HEWITT,ST,30,-26.201895,28.294159,NO
SOUTH AFRICA,GAUTENG,BENONI,THE STEWARDS,HEWITT,ST,32,-26.201955,28.293919,NO
SOUTH AFRICA,GAUTENG,BENONI,THE STEWARDS,HEWITT,ST,34,-26.201845,28.293759,YES
SOUTH AFRICA,GAUTENG,BENONI,THE STEWARDS,HEWITT,ST,36,-26.201935,28.293499,NO
SOUTH AFRICA,GAUTENG,BENONI,THE STEWARDS,HEWITT,ST,38,-26.202125,28.293539,NO
SOUTH AFRICA,GAUTENG,BENONI,THE STEWARDS,HEWITT,ST,40,-26.202195,28.293289,NO
SOUTH AFRICA,GAUTENG,BENONI,THE STEWARDS,HEWITT,ST,42,-26.202075,28.293139,YES
SOUTH AFRICA,GAUTENG,BENONI,THE STEWARDS,HEWITT,ST,44,-26.202205,28.292919,YES
SOUTH AFRICA,GAUTENG,BENONI,THE STEWARDS,HEWITT,ST,46,-26.202395,28.292959,NO
SOUTH AFRICA,GAUTENG,BENONI,THE STEWARDS,HEWITT,ST,48,-26.202495,28.292749,YES
SOUTH AFRICA,GAUTENG,BENONI,THE STEWARDS,HEWITT,ST,50,-26.202345,28.292559,YES
SOUTH AFRICA,GAUTENG,BENONI,THE STEWARDS,RACECOURSE,RD,3,-26.19645,28.287783,NO
SOUTH AFRICA,GAUTENG,BENONI,THE STEWARDS,RACECOURSE,RD,5,-26.196525,28.287498,NO
SOUTH AFRICA,GAUTENG,BENONI,THE STEWARDS,RACECOURSE,RD,7,-26.196615,28.287209,NO
SOUTH AFRICA,GAUTENG,BENONI,THE STEWARDS,RACECOURSE,RD,7,-26.196615,28.287209,NO
SOUTH AFRICA,GAUTENG,BENONI,THE STEWARDS,RACECOURSE,RD,9,-26.1968,28.287001,YES
SOUTH AFRICA,GAUTENG,BENONI,THE STEWARDS,RACECOURSE,RD,11,-26.1968,28.286699,YES
SOUTH AFRICA,GAUTENG,BENONI,WESTDENE,ALOE,ST,1,-26.19741645,28.29288896,NO
SOUTH AFRICA,GAUTENG,BENONI,WESTDENE,ALOE,ST,2,-26.197885,28.293345,YES
SOUTH AFRICA,GAUTENG,BENONI,WESTDENE,ALOE,ST,3,-26.197092,28.293033,YES
SOUTH AFRICA,GAUTENG,BENONI,WESTDENE,BRAND,ST,17,-26.19724921,28.28970687,YES
SOUTH AFRICA,GAUTENG,BENONI,WESTDENE,DIVOT,ST,3,-26.18943489,28.29562585,YES
SOUTH AFRICA,GAUTENG,BENONI,WESTDENE,DIVOT,ST,4,-26.18956513,28.29653556,YES
SOUTH AFRICA,GAUTENG,BENONI,WESTDENE,DIVOT,ST,5,-26.189202,28.295787,NO
SOUTH AFRICA,GAUTENG,BENONI,WESTDENE,DIVOT,ST,6,-26.18887883,28.2969215,YES
SOUTH AFRICA,GAUTENG,BENONI,WESTDENE,DIVOT,ST,8,-26.188587,28.296953,NO
SOUTH AFRICA,GAUTENG,BENONI,WESTDENE,DIVOT,ST,10,-26.188304,28.296969,YES
SOUTH AFRICA,GAUTENG,BENONI,WESTDENE,DIVOT,ST,12,-26.188019,28.296985,YES
SOUTH AFRICA,GAUTENG,BENONI,WESTDENE,DIVOT,ST,14,-26.187669,28.297018,YES
SOUTH AFRICA,GAUTENG,BENONI,WESTDENE,DIVOT,ST,16,-26.18731865,28.29708827,YES
SOUTH AFRICA,GAUTENG,BENONI,WESTDENE,DIVOT,ST,18,-26.18702053,28.29718939,NO
SOUTH AFRICA,GAUTENG,BENONI,WESTDENE,DIVOT,ST,20,-26.186728,28.29731,YES
SOUTH AFRICA,GAUTENG,BENONI,WESTDENE,DIVOT,ST,22,-26.1864613,28.29746517,NO
SOUTH AFRICA,GAUTENG,BENONI,WESTDENE,DIVOT,ST,24,-26.18621796,28.29758458,NO
SOUTH AFRICA,GAUTENG,BENONI,WESTDENE,DIVOT,ST,26,-26.18582026,28.29781297,NO
SOUTH AFRICA,GAUTENG,BENONI,WESTDENE,DIVOT,ST,28,-26.18559,28.297955,NO
SOUTH AFRICA,GAUTENG,BENONI,WESTDENE,DIVOT,ST,30,-26.18532876,28.29814723,YES
SOUTH AFRICA,GAUTENG,BENONI,WESTDENE,DIVOT,ST,32,-26.18506925,28.29825978,NO
SOUTH AFRICA,GAUTENG,BENONI,WESTDENE,DIVOT,ST,34,-26.18481688,28.29837252,NO
SOUTH AFRICA,GAUTENG,BENONI,WESTDENE,DORSET,ST,3,-26.199225,28.296361,YES
SOUTH AFRICA,GAUTENG,BENONI,WESTDENE,DRURY,LN,5,-26.194846,28.298881,YES
SOUTH AFRICA,GAUTENG,BENONI,WESTDENE,DRURY,LN,6,-26.194235,28.298727,NO
SOUTH AFRICA,GAUTENG,BENONI,WESTDENE,EDWARD,ST,2,-26.200432,28.297415,NO
SOUTH AFRICA,GAUTENG,BENONI,WESTDENE,EDWARD,ST,3,-26.19941,28.296967,NO
SOUTH AFRICA,GAUTENG,BENONI,WESTDENE,EDWARD,ST,4,-26.199936,28.297603,NO
SOUTH AFRICA,GAUTENG,BENONI,WESTDENE,EDWARD,ST,5,-26.198464,28.297439,YES
SOUTH AFRICA,GAUTENG,BENONI,WESTDENE,EDWARD,ST,6,-26.199545,28.297788,NO
SOUTH AFRICA,GAUTENG,BENONI,WESTDENE,EDWARD,ST,7,-26.197629,28.29754,NO
SOUTH AFRICA,GAUTENG,BENONI,WESTDENE,EDWARD,ST,8,-26.199155,28.297983,NO
SOUTH AFRICA,GAUTENG,BENONI,WESTDENE,EDWARD,ST,9,-26.19729026,28.29817407,NO
SOUTH AFRICA,GAUTENG,BENONI,WESTDENE,EDWARD,ST,10,-26.198762,28.298178,NO
SOUTH AFRICA,GAUTENG,BENONI,WESTDENE,EDWARD,ST,11,-26.196858,28.298076,YES
SOUTH AFRICA,GAUTENG,BENONI,WESTDENE,EDWARD,ST,12,-26.198377,28.298362,YES
SOUTH AFRICA,GAUTENG,BENONI,WESTDENE,EDWARD,ST,13,-26.196467,28.298265,NO
SOUTH AFRICA,GAUTENG,BENONI,WESTDENE,EDWARD,ST,14,-26.197986,28.298559,NO
SOUTH AFRICA,GAUTENG,BENONI,WESTDENE,EDWARD,ST,15,-26.196078,28.29846,NO
SOUTH AFRICA,GAUTENG,BENONI,WESTDENE,EDWARD,ST,16,-26.197499,28.298794,NO
SOUTH AFRICA,GAUTENG,BENONI,WESTDENE,EDWARD,ST,17,-26.19569,28.298651,YES
SOUTH AFRICA,GAUTENG,BENONI,WESTDENE,EDWARD,ST,18,-26.1972,28.298939,YES
SOUTH AFRICA,GAUTENG,BENONI,WESTDENE,EDWARD,ST,19,-26.195299,28.298841,NO
SOUTH AFRICA,GAUTENG,BENONI,WESTDENE,EDWARD,ST,20,-26.196813,28.299131,YES
SOUTH AFRICA,GAUTENG,BENONI,WESTDENE,EDWARD,ST,21,-26.194993,28.299191,NO
SOUTH AFRICA,GAUTENG,BENONI,WESTDENE,EDWARD,ST,22,-26.196425,28.299315,YES
SOUTH AFRICA,GAUTENG,BENONI,WESTDENE,EDWARD,ST,23,-26.194517,28.299211,YES
SOUTH AFRICA,GAUTENG,BENONI,WESTDENE,EDWARD,ST,24,-26.196031,28.29948,YES
SOUTH AFRICA,GAUTENG,BENONI,WESTDENE,EDWARD,ST,25,-26.194158,28.299263,NO
SOUTH AFRICA,GAUTENG,BENONI,WESTDENE,EDWARD,ST,26,-26.195436,28.29966,YES
SOUTH AFRICA,GAUTENG,BENONI,WESTDENE,EDWARD,ST,27,-26.193822,28.29918,NO
SOUTH AFRICA,GAUTENG,BENONI,WESTDENE,EDWARD,ST,28,-26.194688,28.299873,YES
SOUTH AFRICA,GAUTENG,BENONI,WESTDENE,EDWARD,ST,29,-26.193567,28.29905,YES
SOUTH AFRICA,GAUTENG,BENONI,WESTDENE,EDWARD,ST,30,-26.194104,28.299896,NO
SOUTH AFRICA,GAUTENG,BENONI,WESTDENE,EDWARD,ST,31,-26.193102,28.298814,NO
SOUTH AFRICA,GAUTENG,BENONI,WESTDENE,EDWARD,ST,32,-26.193661,28.299783,YES
SOUTH AFRICA,GAUTENG,BENONI,WESTDENE,EDWARD,ST,33,-26.192836,28.298695,YES
SOUTH AFRICA,GAUTENG,BENONI,WESTDENE,EDWARD,ST,34,-26.193339,28.299678,NO
SOUTH AFRICA,GAUTENG,BENONI,WESTDENE,EDWARD,ST,35,-26.19257,28.298568,YES
SOUTH AFRICA,GAUTENG,BENONI,WESTDENE,EDWARD,ST,36,-26.19281,28.299459,NO
SOUTH AFRICA,GAUTENG,BENONI,WESTDENE,EDWARD,ST,37,-26.192306,28.298444,YES
SOUTH AFRICA,GAUTENG,BENONI,WESTDENE,EDWARD,ST,38,-26.192493,28.299322,NO
SOUTH AFRICA,GAUTENG,BENONI,WESTDENE,EDWARD,ST,39,-26.192043,28.298317,YES
SOUTH AFRICA,GAUTENG,BENONI,WESTDENE,EDWARD,ST,40,-26.192185,28.299191,NO
SOUTH AFRICA,GAUTENG,BENONI,WESTDENE,EDWARD,ST,41,-26.191776,28.298188,YES
SOUTH AFRICA,GAUTENG,BENONI,WESTDENE,EDWARD,ST,42,-26.191896,28.299064,YES
SOUTH AFRICA,GAUTENG,BENONI,WESTDENE,EDWARD,ST,43,-26.191519,28.298065,NO
SOUTH AFRICA,GAUTENG,BENONI,WESTDENE,EDWARD,ST,44,-26.191617,28.298946,NO
SOUTH AFRICA,GAUTENG,BENONI,WESTDENE,EDWARD,ST,45,-26.191074,28.297843,YES
SOUTH AFRICA,GAUTENG,BENONI,WESTDENE,EDWARD,ST,46,-26.191347,28.298832,YES
SOUTH AFRICA,GAUTENG,BENONI,WESTDENE,EDWARD,ST,47,-26.19072,28.297681,NO
SOUTH AFRICA,GAUTENG,BENONI,WESTDENE,EDWARD,ST,48,-26.191088,28.298717,NO
SOUTH AFRICA,GAUTENG,BENONI,WESTDENE,EDWARD,ST,49,-26.190354,28.297528,NO
SOUTH AFRICA,GAUTENG,BENONI,WESTDENE,EDWARD,ST,50,-26.190803,28.298594,NO
SOUTH AFRICA,GAUTENG,BENONI,WESTDENE,EDWARD,ST,51,-26.189978,28.297391,NO
SOUTH AFRICA,GAUTENG,BENONI,WESTDENE,EDWARD,ST,52,-26.190498,28.298485,YES
SOUTH AFRICA,GAUTENG,BENONI,WESTDENE,EDWARD,ST,53,-26.189625,28.297525,YES
SOUTH AFRICA,GAUTENG,BENONI,WESTDENE,EDWARD,ST,54,-26.190201,28.29841,YES
SOUTH AFRICA,GAUTENG,BENONI,WESTDENE,EDWARD,ST,55,-26.189329,28.297517,YES
SOUTH AFRICA,GAUTENG,BENONI,WESTDENE,EDWARD,ST,56,-26.189895,28.298366,YES
SOUTH AFRICA,GAUTENG,BENONI,WESTDENE,EDWARD,ST,57,-26.188903,28.297535,YES
SOUTH AFRICA,GAUTENG,BENONI,WESTDENE,EDWARD,ST,58,-26.189604,28.298332,NO
SOUTH AFRICA,GAUTENG,BENONI,WESTDENE,EDWARD,ST,59,-26.188617,28.29755,YES
SOUTH AFRICA,GAUTENG,BENONI,WESTDENE,EDWARD,ST,60,-26.189342,28.298319,YES
SOUTH AFRICA,GAUTENG,BENONI,WESTDENE,EDWARD,ST,61,-26.188335,28.297564,YES
SOUTH AFRICA,GAUTENG,BENONI,WESTDENE,EDWARD,ST,62,-26.188937,28.298285,NO
SOUTH AFRICA,GAUTENG,BENONI,WESTDENE,EDWARD,ST,63,-26.188047,28.297582,NO
SOUTH AFRICA,GAUTENG,BENONI,WESTDENE,EDWARD,ST,64,-26.188651,28.298303,NO
SOUTH AFRICA,GAUTENG,BENONI,WESTDENE,EDWARD,ST,65,-26.187758,28.297605,NO
SOUTH AFRICA,GAUTENG,BENONI,WESTDENE,EDWARD,ST,66,-26.188368,28.298319,NO
SOUTH AFRICA,GAUTENG,BENONI,WESTDENE,EDWARD,ST,67,-26.18748,28.297673,YES
SOUTH AFRICA,GAUTENG,BENONI,WESTDENE,EDWARD,ST,68,-26.188086,28.29836,NO
SOUTH AFRICA,GAUTENG,BENONI,WESTDENE,EDWARD,ST,69,-26.187199,28.297757,NO
SOUTH AFRICA,GAUTENG,BENONI,WESTDENE,EDWARD,ST,70,-26.187766,28.298397,YES
SOUTH AFRICA,GAUTENG,BENONI,WESTDENE,EDWARD,ST,71,-26.186949,28.297858,YES
SOUTH AFRICA,GAUTENG,BENONI,WESTDENE,EDWARD,ST,72,-26.187473,28.298483,YES
SOUTH AFRICA,GAUTENG,BENONI,WESTDENE,EDWARD,ST,73,-26.186721,28.297995,NO
SOUTH AFRICA,GAUTENG,BENONI,WESTDENE,EDWARD,ST,74,-26.187184,28.298583,NO
SOUTH AFRICA,GAUTENG,BENONI,WESTDENE,EDWARD,ST,75,-26.186461,28.298126,YES
SOUTH AFRICA,GAUTENG,BENONI,WESTDENE,EDWARD,ST,76,-26.186935,28.298718,NO
SOUTH AFRICA,GAUTENG,BENONI,WESTDENE,EDWARD,ST,77,-26.186086,28.298348,NO
SOUTH AFRICA,GAUTENG,BENONI,WESTDENE,EDWARD,ST,78,-26.186673,28.298858,YES
SOUTH AFRICA,GAUTENG,BENONI,WESTDENE,EDWARD,ST,79,-26.185831,28.298489,NO
SOUTH AFRICA,GAUTENG,BENONI,WESTDENE,EDWARD,ST,80,-26.18642,28.299,YES
SOUTH AFRICA,GAUTENG,BENONI,WESTDENE,EDWARD,ST,81,-26.185577,28.298631,NO
SOUTH AFRICA,GAUTENG,BENONI,WESTDENE,EDWARD,ST,82,-26.186166,28.299153,YES
SOUTH AFRICA,GAUTENG,BENONI,WESTDENE,EDWARD,ST,83,-26.18533,28.298787,NO
SOUTH AFRICA,GAUTENG,BENONI,WESTDENE,EDWARD,ST,84,-26.185905,28.299311,NO
SOUTH AFRICA,GAUTENG,BENONI,WESTDENE,EDWARD,ST,85,-26.185083,28.298943,YES
SOUTH AFRICA,GAUTENG,BENONI,WESTDENE,EDWARD,ST,86,-26.185664,28.299475,NO
SOUTH AFRICA,GAUTENG,BENONI,WESTDENE,EDWARD,ST,87,-26.184782,28.299317,NO
SOUTH AFRICA,GAUTENG,BENONI,WESTDENE,EDWARD,ST,88,-26.185438,28.29967,NO
SOUTH AFRICA,GAUTENG,BENONI,WESTDENE,EDWARD,ST,90,-26.185027,28.299778,YES
SOUTH AFRICA,GAUTENG,BENONI,WESTDENE,EDWARD,ST,21A,-26.19483,28.298881,YES
SOUTH AFRICA,GAUTENG,BENONI,WESTDENE,EDWARD,ST,5A,-26.198102,28.297517,NO
SOUTH AFRICA,GAUTENG,BENONI,WESTDENE,KILFENORA,ST,3,-26.19131051,28.28899726,NO
SOUTH AFRICA,GAUTENG,BENONI,WESTDENE,KILFENORA,ST,4,-26.190924,28.289699,NO
SOUTH AFRICA,GAUTENG,BENONI,WESTDENE,KILFENORA,ST,6,-26.190804,28.289349,YES
SOUTH AFRICA,GAUTENG,BENONI,WESTDENE,KILFENORA,ST,8,-26.190684,28.288989,NO
SOUTH AFRICA,GAUTENG,BENONI,WESTDENE,KILFENORA,ST,39,-26.187654,28.290349,YES
SOUTH AFRICA,GAUTENG,BENONI,WESTDENE,KING,ST,1,-26.199043,28.297181,NO
SOUTH AFRICA,GAUTENG,BENONI,WESTDENE,KING,ST,1,-26.19901364,28.29672745,YES
SOUTH AFRICA,GAUTENG,BENONI,WESTDENE,KING,ST,4,-26.19847034,28.29685154,NO
SOUTH AFRICA,GAUTENG,BENONI,WESTDENE,KING,ST,5,-26.199225,28.296361,YES
SOUTH AFRICA,GAUTENG,BENONI,WESTDENE,KING,ST,6,-26.19850212,28.29636876,YES
SOUTH AFRICA,GAUTENG,BENONI,WESTDENE,KING,ST,7,-26.199254,28.295889,NO
SOUTH AFRICA,GAUTENG,BENONI,WESTDENE,KING,ST,8,-26.19854031,28.29591787,YES
SOUTH AFRICA,GAUTENG,BENONI,WESTDENE,KING,ST,10,-26.19857226,28.29542717,YES
SOUTH AFRICA,GAUTENG,BENONI,WESTDENE,KING,ST,12,-26.19861771,28.29496855,YES
SOUTH AFRICA,GAUTENG,BENONI,WESTDENE,KING,ST,14,-26.19865,28.294462,YES
SOUTH AFRICA,GAUTENG,BENONI,WESTDENE,KING,ST,14A,-26.198292,28.29448,YES
SOUTH AFRICA,GAUTENG,BENONI,WESTDENE,LAKEFIELD,AV,1,-26.18515,28.300148,YES
SOUTH AFRICA,GAUTENG,BENONI,WESTDENE,LAKEFIELD,AV,7,-26.18465,28.29901,NO
SOUTH AFRICA,GAUTENG,BENONI,WESTDENE,LAKEFIELD,AV,9,-26.18451315,28.29873526,NO
SOUTH AFRICA,GAUTENG,BENONI,WESTDENE,LAKEFIELD,AV,11,-26.18439058,28.2984609,NO
SOUTH AFRICA,GAUTENG,BENONI,WESTDENE,O'BRIEN,ST,1,-26.1880156,28.29323909,YES
SOUTH AFRICA,GAUTENG,BENONI,WESTDENE,O'BRIEN,ST,2,-26.18824069,28.29345144,YES
SOUTH AFRICA,GAUTENG,BENONI,WESTDENE,O'BRIEN,ST,3,-26.1877969,28.29342272,NO
SOUTH AFRICA,GAUTENG,BENONI,WESTDENE,O'BRIEN,ST,4,-26.18792013,28.29372708,NO
SOUTH AFRICA,GAUTENG,BENONI,WESTDENE,PAN,ST,1,-26.196645,28.290595,NO
SOUTH AFRICA,GAUTENG,BENONI,WESTDENE,PAN,ST,3,-26.196234,28.290469,YES
SOUTH AFRICA,GAUTENG,BENONI,WESTDENE,PAN,ST,5,-26.19586,28.2903,YES
SOUTH AFRICA,GAUTENG,BENONI,WESTDENE,PAN,ST,7,-26.195532,28.290246,YES
SOUTH AFRICA,GAUTENG,BENONI,WESTDENE,PAN,ST,1\3579,-26.196088,28.290438,YES
SOUTH AFRICA,GAUTENG,BENONI,WESTDENE,PAN,ST,RE\3579,-26.196266,28.290559,NO
SOUTH AFRICA,GAUTENG,BENONI,WESTDENE,PUTT,ST,1,-26.186461,28.298126,YES
SOUTH AFRICA,GAUTENG,BENONI,WESTDENE,RACECOURSE,RD,2,-26.195745,28.288209,YES
SOUTH AFRICA,GAUTENG,BENONI,WESTDENE,RACECOURSE,RD,13,-26.196265,28.287878,YES
SOUTH AFRICA,GAUTENG,BENONI,WESTDENE,SANCTUARY,LN,6,-26.196607,28.296929,NO
SOUTH AFRICA,GAUTENG,BENONI,WESTDENE,SHANNON,RD,1,-26.1905,28.290501,NO
SOUTH AFRICA,GAUTENG,BENONI,WESTDENE,SHANNON,RD,3,-26.190344,28.289909,YES
SOUTH AFRICA,GAUTENG,BENONI,WESTDENE,SHANNON,RD,4,-26.189899,28.2903,YES
SOUTH AFRICA,GAUTENG,BENONI,WESTDENE,SHANNON,RD,5,-26.190204,28.289479,NO
SOUTH AFRICA,GAUTENG,BENONI,WESTDENE,SHANNON,RD,6,-26.189504,28.289769,YES
SOUTH AFRICA,GAUTENG,BENONI,WESTDENE,SHANNON,RD,7,-26.190054,28.289229,NO
SOUTH AFRICA,GAUTENG,BENONI,WESTDENE,SHANNON,RD,8,-26.189301,28.2894,YES
SOUTH AFRICA,GAUTENG,BENONI,WESTDENE,SHANNON,RD,9,-26.189804,28.289049,NO
SOUTH AFRICA,GAUTENG,BENONI,WESTDENE,SHANNON,RD,38,-26.190234,28.290839,NO
SOUTH AFRICA,GAUTENG,BENONI,WESTDENE,SHORT,ST,1,-26.19365,28.289942,NO
SOUTH AFRICA,GAUTENG,BENONI,WESTDENE,SHORT,ST,2,-26.193183,28.289689,NO
SOUTH AFRICA,GAUTENG,BENONI,WESTDENE,SHORT,ST,3,-26.19368163,28.28938714,YES
SOUTH AFRICA,GAUTENG,BENONI,WESTDENE,SHORT,ST,4,-26.193267,28.289083,NO
SOUTH AFRICA,GAUTENG,BENONI,WESTDENE,STYMIE,AV,1,-26.189343,28.298317,NO
SOUTH AFRICA,GAUTENG,BENONI,WESTDENE,STYMIE,AV,2,-26.188932,28.298285,NO
SOUTH AFRICA,GAUTENG,BENONI,WESTDENE,STYMIE,AV,3,-26.189328,28.297517,NO
SOUTH AFRICA,GAUTENG,BENONI,WESTDENE,STYMIE,AV,5,-26.189458,28.296893,YES
SOUTH AFRICA,GAUTENG,BENONI,WESTDENE,STYMIE,AV,7,-26.188938,28.295952,YES
SOUTH AFRICA,GAUTENG,BENONI,WESTDENE,STYMIE,AV,9,-26.18881371,28.29548305,NO
SOUTH AFRICA,GAUTENG,BENONI,WESTDENE,STYMIE,AV,11,-26.18865272,28.2952236,YES
SOUTH AFRICA,GAUTENG,BENONI,WESTDENE,STYMIE,AV,13,-26.188477,28.294985,NO
SOUTH AFRICA,GAUTENG,BENONI,WESTDENE,STYMIE,AV,15,-26.188305,28.294733,NO
SOUTH AFRICA,GAUTENG,BENONI,WESTDENE,STYMIE,AV,17,-26.18814889,28.29446836,YES
SOUTH AFRICA,GAUTENG,BENONI,WESTDENE,STYMIE,AV,19,-26.188023,28.294185,NO
SOUTH AFRICA,GAUTENG,BENONI,WESTDENE,STYMIE,AV,21,-26.18786734,28.29389912,YES
SOUTH AFRICA,GAUTENG,BENONI,WESTDENE,STYMIE,RD,23,-26.18758897,28.293562,NO
SOUTH AFRICA,GAUTENG,BENONI,WESTDENE,STYMIE,RD,25,-26.18742742,28.2932951,NO
SOUTH AFRICA,GAUTENG,BENONI,WESTDENE,STYMIE,RD,27,-26.187428,28.292922,NO
SOUTH AFRICA,GAUTENG,BENONI,WESTDENE,STYMIE,RD,29,-26.187306,28.292637,YES
SOUTH AFRICA,GAUTENG,BENONI,WESTDENE,STYMIE,RD,33,-26.187114,28.292216,YES
SOUTH AFRICA,GAUTENG,BENONI,WESTDENE,STYMIE,RD,35,-26.186927,28.291791,NO
SOUTH AFRICA,GAUTENG,BENONI,WESTDENE,STYMIE,RD,37,-26.186808,28.291506,NO
SOUTH AFRICA,GAUTENG,BENONI,WESTDENE,STYMIE,RD,39,-26.186679,28.291227,NO
SOUTH AFRICA,GAUTENG,BENONI,WESTDENE,SUNNYSIDE,AV,1,-26.2005961,28.29642946,NO
SOUTH AFRICA,GAUTENG,BENONI,WESTDENE,SUNNYSIDE,AV,2,-26.199864,28.296439,NO
SOUTH AFRICA,GAUTENG,BENONI,WESTDENE,SUNNYSIDE,AV,3,-26.200344,28.295939,NO
SOUTH AFRICA,GAUTENG,BENONI,WESTDENE,SUNNYSIDE,AV,4,-26.199134,28.295134,YES
SOUTH AFRICA,GAUTENG,BENONI,WESTDENE,SUNNYSIDE,AV,5,-26.20013293,28.29552101,YES
SOUTH AFRICA,GAUTENG,BENONI,WESTDENE,SUNNYSIDE,AV,6,-26.198445,28.293679,NO
SOUTH AFRICA,GAUTENG,BENONI,WESTDENE,SUNNYSIDE,AV,7,-26.199904,28.295129,NO
SOUTH AFRICA,GAUTENG,BENONI,WESTDENE,SUNNYSIDE,AV,8,-26.19801,28.29308,YES
SOUTH AFRICA,GAUTENG,BENONI,WESTDENE,SUNNYSIDE,AV,9,-26.19974,28.29481,YES
SOUTH AFRICA,GAUTENG,BENONI,WESTDENE,SUNNYSIDE,AV,10,-26.197575,28.292669,YES
SOUTH AFRICA,GAUTENG,BENONI,WESTDENE,SUNNYSIDE,AV,11,-26.19948789,28.29431954,NO
SOUTH AFRICA,GAUTENG,BENONI,WESTDENE,SUNNYSIDE,AV,12,-26.19737726,28.29229102,YES
SOUTH AFRICA,GAUTENG,BENONI,WESTDENE,SUNNYSIDE,AV,13,-26.1992,28.293713,YES
SOUTH AFRICA,GAUTENG,BENONI,WESTDENE,SUNNYSIDE,AV,14,-26.19718,28.291897,NO
SOUTH AFRICA,GAUTENG,BENONI,WESTDENE,SUNNYSIDE,AV,15,-26.198881,28.293518,YES
SOUTH AFRICA,GAUTENG,BENONI,WESTDENE,SUNNYSIDE,AV,16,-26.196755,28.291419,YES
SOUTH AFRICA,GAUTENG,BENONI,WESTDENE,SUNNYSIDE,AV,17,-26.19880511,28.29308781,YES
SOUTH AFRICA,GAUTENG,BENONI,WESTDENE,SUNNYSIDE,AV,19,-26.19858625,28.29270133,NO
SOUTH AFRICA,GAUTENG,BENONI,WESTDENE,SUNNYSIDE,AV,20,-26.196357,28.290155,NO
SOUTH AFRICA,GAUTENG,BENONI,WESTDENE,SUNNYSIDE,AV,21,-26.19833208,28.29230597,NO
SOUTH AFRICA,GAUTENG,BENONI,WESTDENE,SUNNYSIDE,AV,22,-26.196117,28.289817,YES
SOUTH AFRICA,GAUTENG,BENONI,WESTDENE,SUNNYSIDE,AV,23,-26.19812793,28.29189611,YES
SOUTH AFRICA,GAUTENG,BENONI,WESTDENE,SUNNYSIDE,AV,24,-26.196014,28.28945,NO
SOUTH AFRICA,GAUTENG,BENONI,WESTDENE,SUNNYSIDE,AV,25,-26.197919,28.291489,YES
SOUTH AFRICA,GAUTENG,BENONI,WESTDENE,SUNNYSIDE,AV,26,-26.195645,28.289428,YES
SOUTH AFRICA,GAUTENG,BENONI,WESTDENE,SUNNYSIDE,AV,27,-26.197694,28.291076,YES
SOUTH AFRICA,GAUTENG,BENONI,WESTDENE,SUNNYSIDE,AV,28,-26.195335,28.289384,NO
SOUTH AFRICA,GAUTENG,BENONI,WESTDENE,SUNNYSIDE,AV,29,-26.19746129,28.2906733,YES
SOUTH AFRICA,GAUTENG,BENONI,WESTDENE,SUNNYSIDE,AV,30,-26.195024,28.28934,NO
SOUTH AFRICA,GAUTENG,BENONI,WESTDENE,SUNNYSIDE,AV,31,-26.197117,28.290404,NO
SOUTH AFRICA,GAUTENG,BENONI,WESTDENE,SUNNYSIDE,AV,32,-26.19471,28.289294,NO
SOUTH AFRICA,GAUTENG,BENONI,WESTDENE,SUNNYSIDE,AV,33,-26.197243,28.289963,NO
SOUTH AFRICA,GAUTENG,BENONI,WESTDENE,SUNNYSIDE,AV,34,-26.194435,28.288957,YES
SOUTH AFRICA,GAUTENG,BENONI,WESTDENE,SUNNYSIDE,AV,35,-26.196816,28.289466,YES
SOUTH AFRICA,GAUTENG,BENONI,WESTDENE,SUNNYSIDE,AV,36,-26.194078,28.289201,NO
SOUTH AFRICA,GAUTENG,BENONI,WESTDENE,SUNNYSIDE,AV,37,-26.19659021,28.28907142,YES
SOUTH AFRICA,GAUTENG,BENONI,WESTDENE,SUNNYSIDE,AV,38,-26.19376145,28.28899865,YES
SOUTH AFRICA,GAUTENG,BENONI,WESTDENE,SUNNYSIDE,AV,39,-26.19632933,28.28856354,YES
SOUTH AFRICA,GAUTENG,BENONI,WESTDENE,SUNNYSIDE,AV,40,-26.193267,28.289083,NO
SOUTH AFRICA,GAUTENG,BENONI,WESTDENE,SUNNYSIDE,AV,41,-26.195715,28.288559,NO
SOUTH AFRICA,GAUTENG,BENONI,WESTDENE,SUNNYSIDE,AV,42,-26.19294,28.289036,NO
SOUTH AFRICA,GAUTENG,BENONI,WESTDENE,SUNNYSIDE,AV,43,-26.19528154,28.28838491,NO
SOUTH AFRICA,GAUTENG,BENONI,WESTDENE,SUNNYSIDE,AV,44,-26.192613,28.288989,NO
SOUTH AFRICA,GAUTENG,BENONI,WESTDENE,SUNNYSIDE,AV,45,-26.194869,28.28831,NO
SOUTH AFRICA,GAUTENG,BENONI,WESTDENE,SUNNYSIDE,AV,46,-26.192279,28.288828,YES
SOUTH AFRICA,GAUTENG,BENONI,WESTDENE,SUNNYSIDE,AV,47,-26.19437534,28.2882746,NO
SOUTH AFRICA,GAUTENG,BENONI,WESTDENE,SUNNYSIDE,AV,48,-26.191967,28.288778,YES
SOUTH AFRICA,GAUTENG,BENONI,WESTDENE,SUNNYSIDE,AV,49,-26.194017,28.288194,NO
SOUTH AFRICA,GAUTENG,BENONI,WESTDENE,SUNNYSIDE,AV,50,-26.191626,28.288845,NO
SOUTH AFRICA,GAUTENG,BENONI,WESTDENE,SUNNYSIDE,AV,51,-26.193595,28.288135,YES
SOUTH AFRICA,GAUTENG,BENONI,WESTDENE,SUNNYSIDE,AV,52,-26.19128,28.288819,YES
SOUTH AFRICA,GAUTENG,BENONI,WESTDENE,SUNNYSIDE,AV,53,-26.193139,28.288195,YES
SOUTH AFRICA,GAUTENG,BENONI,WESTDENE,SUNNYSIDE,AV,54,-26.190574,28.288609,YES
SOUTH AFRICA,GAUTENG,BENONI,WESTDENE,SUNNYSIDE,AV,55,-26.19276301,28.28808122,NO
SOUTH AFRICA,GAUTENG,BENONI,WESTDENE,SUNNYSIDE,AV,56,-26.190094,28.288849,YES
SOUTH AFRICA,GAUTENG,BENONI,WESTDENE,SUNNYSIDE,AV,57,-26.192324,28.287959,NO
SOUTH AFRICA,GAUTENG,BENONI,WESTDENE,SUNNYSIDE,AV,58,-26.189324,28.289419,NO
SOUTH AFRICA,GAUTENG,BENONI,WESTDENE,SUNNYSIDE,AV,59,-26.191904,28.287899,YES
SOUTH AFRICA,GAUTENG,BENONI,WESTDENE,SUNNYSIDE,AV,60,-26.188934,28.289659,NO
SOUTH AFRICA,GAUTENG,BENONI,WESTDENE,SUNNYSIDE,AV,61,-26.191474,28.287839,NO
SOUTH AFRICA,GAUTENG,BENONI,WESTDENE,SUNNYSIDE,AV,62,-26.188584,28.289899,NO
SOUTH AFRICA,GAUTENG,BENONI,WESTDENE,SUNNYSIDE,AV,63,-26.19104213,28.28799742,YES
SOUTH AFRICA,GAUTENG,BENONI,WESTDENE,SUNNYSIDE,AV,64,-26.188254,28.290119,YES
SOUTH AFRICA,GAUTENG,BENONI,WESTDENE,SUNNYSIDE,AV,66,-26.188004,28.290309,YES
SOUTH AFRICA,GAUTENG,BENONI,WESTDENE,SUNNYSIDE,AV,70,-26.187055,28.290749,YES
SOUTH AFRICA,GAUTENG,BENONI,WESTDENE,SUNNYSIDE,AV,72,-26.186555,28.290939,YES
SOUTH AFRICA,GAUTENG,BENONI,WESTDENE,SUNNYSIDE,AV,31A,-26.197408,28.290176,YES
SOUTH AFRICA,GAUTENG,BENONI,WESTDENE,SUNNYSIDE,AV,34A,-26.194381,28.289351,YES
SOUTH AFRICA,GAUTENG,BENONI,WESTDENE,SUNNYSIDE,AV,46A,-26.19243,28.288961,NO
SOUTH AFRICA,GAUTENG,BENONI,WESTDENE,SUNNYSIDE,AV,4A,-26.199134,28.295134,YES
SOUTH AFRICA,GAUTENG,BENONI,WESTDENE,SUNNYSIDE,AV,53A,-26.193368,28.288076,YES
SOUTH AFRICA,GAUTENG,BENONI,WESTDENE,SUNNYSIDE,AV,54A,-26.190562,28.288607,YES
SOUTH AFRICA,GAUTENG,BENONI,WESTDENE,SUNNYSIDE,AV,68A,-26.187662,28.290352,YES
SOUTH AFRICA,GAUTENG,BENONI,WESTDENE,THE DRIVE,DR,114,-26.1958665,28.29111714,NO
SOUTH AFRICA,GAUTENG,BENONI,WESTDENE,THE DRIVE,DR,116,-26.196117,28.291422,YES
SOUTH AFRICA,GAUTENG,BENONI,WESTDENE,THE DRIVE,DR,1\8479,-26.189,28.29277,YES
SOUTH AFRICA,GAUTENG,BENONI,WESTDENE,THE DRIVE,DR,RE\8479,-26.188842,28.292998,YES
SOUTH AFRICA,GAUTENG,BENONI,WESTDENE,THE DRIVE,RD,70,-26.188914,28.292141,YES
SOUTH AFRICA,GAUTENG,BENONI,WESTDENE,THE DRIVE,RD,72,-26.189144,28.29192,YES
SOUTH AFRICA,GAUTENG,BENONI,WESTDENE,THE DRIVE,RD,74,-26.189369,28.291698,YES
SOUTH AFRICA,GAUTENG,BENONI,WESTDENE,THE DRIVE,RD,76,-26.189596,28.291481,YES
SOUTH AFRICA,GAUTENG,BENONI,WESTDENE,THE DRIVE,RD,78,-26.189825,28.291262,NO
SOUTH AFRICA,GAUTENG,BENONI,WESTDENE,THE DRIVE,RD,80,-26.190056,28.29104,YES
SOUTH AFRICA,GAUTENG,BENONI,WESTDENE,THE DRIVE,RD,84,-26.190543,28.290474,NO
SOUTH AFRICA,GAUTENG,BENONI,WESTDENE,THE DRIVE,RD,86,-26.190815,28.290308,NO
SOUTH AFRICA,GAUTENG,BENONI,WESTDENE,THE DRIVE,RD,88,-26.191118,28.290096,YES
SOUTH AFRICA,GAUTENG,BENONI,WESTDENE,THE DRIVE,ST,4,-26.196278,28.297202,YES
SOUTH AFRICA,GAUTENG,BENONI,WESTDENE,THE DRIVE,ST,6,-26.196092,28.297551,YES
SOUTH AFRICA,GAUTENG,BENONI,WESTDENE,THE DRIVE,ST,8,-26.195764,28.297751,YES
SOUTH AFRICA,GAUTENG,BENONI,WESTDENE,THE DRIVE,ST,10,-26.195404,28.29794,NO
SOUTH AFRICA,GAUTENG,BENONI,WESTDENE,THE DRIVE,ST,12,-26.195014,28.298123,YES
SOUTH AFRICA,GAUTENG,BENONI,WESTDENE,THE DRIVE,ST,14,-26.194622,28.298312,NO
SOUTH AFRICA,GAUTENG,BENONI,WESTDENE,THE DRIVE,ST,16,-26.194246,28.298494,NO
SOUTH AFRICA,GAUTENG,BENONI,WESTDENE,THE DRIVE,ST,18,-26.193789,28.298504,YES
SOUTH AFRICA,GAUTENG,BENONI,WESTDENE,THE DRIVE,ST,20,-26.193318,28.298242,YES
SOUTH AFRICA,GAUTENG,BENONI,WESTDENE,THE DRIVE,ST,22,-26.193059,28.298115,YES
SOUTH AFRICA,GAUTENG,BENONI,WESTDENE,THE DRIVE,ST,24,-26.192793,28.297989,NO
SOUTH AFRICA,GAUTENG,BENONI,WESTDENE,THE DRIVE,ST,26,-26.192528,28.297862,YES
SOUTH AFRICA,GAUTENG,BENONI,WESTDENE,THE DRIVE,ST,28,-26.192264,28.297739,NO
SOUTH AFRICA,GAUTENG,BENONI,WESTDENE,THE DRIVE,ST,30,-26.192002,28.297612,YES
SOUTH AFRICA,GAUTENG,BENONI,WESTDENE,THE DRIVE,ST,32,-26.191735,28.297494,NO
SOUTH AFRICA,GAUTENG,BENONI,WESTDENE,THE DRIVE,ST,34,-26.191279,28.297278,NO
SOUTH AFRICA,GAUTENG,BENONI,WESTDENE,THE DRIVE,ST,36,-26.190935,28.297086,YES
SOUTH AFRICA,GAUTENG,BENONI,WESTDENE,THE DRIVE,ST,38,-26.190586,28.29688,YES
SOUTH AFRICA,GAUTENG,BENONI,WESTDENE,THE DRIVE,ST,40,-26.190235,28.296654,NO
SOUTH AFRICA,GAUTENG,BENONI,WESTDENE,THE DRIVE,ST,42,-26.189906,28.296081,YES
SOUTH AFRICA,GAUTENG,BENONI,WESTDENE,THE DRIVE,ST,44,-26.189644,28.29541,YES
SOUTH AFRICA,GAUTENG,BENONI,WESTDENE,THE DRIVE,ST,46,-26.189333,28.295126,NO
SOUTH AFRICA,GAUTENG,BENONI,WESTDENE,THE DRIVE,ST,48,-26.189172,28.294862,NO
SOUTH AFRICA,GAUTENG,BENONI,WESTDENE,THE DRIVE,ST,50,-26.189019,28.294601,YES
SOUTH AFRICA,GAUTENG,BENONI,WESTDENE,THE DRIVE,ST,52,-26.188862,28.294336,YES
SOUTH AFRICA,GAUTENG,BENONI,WESTDENE,THE DRIVE,ST,54,-26.188707,28.294071,NO
SOUTH AFRICA,GAUTENG,BENONI,WESTDENE,THE DRIVE,ST,56,-26.188552,28.293808,NO
SOUTH AFRICA,GAUTENG,BENONI,WESTDENE,THE DRIVE,ST,58,-26.188373,28.293485,NO
SOUTH AFRICA,GAUTENG,BENONI,WESTDENE,THE DRIVE,ST,90,-26.191545,28.289599,YES
SOUTH AFRICA,GAUTENG,BENONI,WESTDENE,THE DRIVE,ST,92,-26.191847,28.28965,YES
SOUTH AFRICA,GAUTENG,BENONI,WESTDENE,THE DRIVE,ST,94,-26.192178,28.289704,YES
SOUTH AFRICA,GAUTENG,BENONI,WESTDENE,THE DRIVE,ST,96,-26.192507,28.289757,NO
SOUTH AFRICA,GAUTENG,BENONI,WESTDENE,THE DRIVE,ST,98,-26.192834,28.289811,YES
SOUTH AFRICA,GAUTENG,BENONI,WESTDENE,THE DRIVE,ST,100,-26.19313,28.290067,NO
SOUTH AFRICA,GAUTENG,BENONI,WESTDENE,THE DRIVE,ST,102,-26.19365,28.289942,NO
SOUTH AFRICA,GAUTENG,BENONI,WESTDENE,THE DRIVE,ST,104,-26.193968,28.289993,YES
SOUTH AFRICA,GAUTENG,BENONI,WESTDENE,THE DRIVE,ST,106,-26.194285,28.290045,NO
SOUTH AFRICA,GAUTENG,BENONI,WESTDENE,THE DRIVE,ST,108,-26.194604,28.290094,NO
SOUTH AFRICA,GAUTENG,BENONI,WESTDENE,THE DRIVE,ST,110,-26.194912,28.290146,YES
SOUTH AFRICA,GAUTENG,BENONI,WESTDENE,THE DRIVE,ST,112,-26.195223,28.290197,YES
SOUTH AFRICA,GAUTENG,BENONI,WESTDENE,THE DRIVE,ST,118,-26.19626084,28.29166638,YES
SOUTH AFRICA,GAUTENG,BENONI,WESTDENE,THE DRIVE,ST,120,-26.196473,28.291915,NO
SOUTH AFRICA,GAUTENG,BENONI,WESTDENE,THE DRIVE,ST,122,-26.196624,28.292164,NO
SOUTH AFRICA,GAUTENG,BENONI,WESTDENE,THE DRIVE,ST,124,-26.196745,28.292444,NO
SOUTH AFRICA,GAUTENG,BENONI,WESTDENE,THE DRIVE,ST,126,-26.196886,28.292721,YES
SOUTH AFRICA,GAUTENG,BENONI,WESTDENE,THE DRIVE,ST,128,-26.196745,28.293265,NO
SOUTH AFRICA,GAUTENG,BENONI,WESTDENE,THE DRIVE,ST,130,-26.196694,28.293917,NO
SOUTH AFRICA,GAUTENG,BENONI,WESTDENE,THE DRIVE,ST,132,-26.196674,28.294401,NO
SOUTH AFRICA,GAUTENG,BENONI,WESTDENE,THE DRIVE,ST,134,-26.196647,28.294774,YES
SOUTH AFRICA,GAUTENG,BENONI,WESTDENE,THE DRIVE,ST,136,-26.196626,28.295154,YES
SOUTH AFRICA,GAUTENG,BENONI,WESTDENE,THE DRIVE,ST,138,-26.196605,28.29553,NO
SOUTH AFRICA,GAUTENG,BENONI,WESTDENE,THE DRIVE,ST,140,-26.196578,28.295904,YES
SOUTH AFRICA,GAUTENG,BENONI,WESTDENE,THE DRIVE,ST,142,-26.196558,28.296343,YES
SOUTH AFRICA,GAUTENG,BENONI,WESTDENE,THE DRIVE,ST,40A,-26.190097,28.296318,NO
SOUTH AFRICA,GAUTENG,BENONI,WESTDENE,VINCENT,AV,2,-26.189884,28.290339,YES
SOUTH AFRICA,GAUTENG,BENONI,WESTDENE,VINCENT,AV,3,-26.189184,28.290079,NO
SOUTH AFRICA,GAUTENG,BENONI,WESTDENE,VINCENT,AV,4,-26.189674,28.290569,YES
SOUTH AFRICA,GAUTENG,BENONI,WESTDENE,VINCENT,AV,5,-26.188864,28.290349,YES
SOUTH AFRICA,GAUTENG,BENONI,WESTDENE,VINCENT,AV,6,-26.189444,28.290789,YES
SOUTH AFRICA,GAUTENG,BENONI,WESTDENE,VINCENT,AV,7,-26.188564,28.290609,NO
SOUTH AFRICA,GAUTENG,BENONI,WESTDENE,VINCENT,AV,8,-26.189214,28.290999,NO
SOUTH AFRICA,GAUTENG,BENONI,WESTDENE,VINCENT,AV,9,-26.188284,28.290899,YES
SOUTH AFRICA,GAUTENG,BENONI,WESTDENE,VINCENT,AV,10,-26.188984,28.291229,YES
SOUTH AFRICA,GAUTENG,BENONI,WESTDENE,VINCENT,AV,12,-26.188764,28.291449,NO
SOUTH AFRICA,GAUTENG,BENONI,WESTDENE,VINCENT,AV,17,-26.188534,28.291659,YES
SOUTH AFRICA,GAUTENG,BENONI,WESTDENE,WALSH,RD,1,-26.18876725,28.2925026,NO
SOUTH AFRICA,GAUTENG,BENONI,WESTDENE,WALSH,RD,2,-26.188074,28.293079,NO
SOUTH AFRICA,GAUTENG,BENONI,WESTDENE,WALSH,RD,3,-26.18845693,28.29257301,NO
SOUTH AFRICA,GAUTENG,BENONI,WESTDENE,WALSH,RD,4,-26.187954,28.292739,YES
SOUTH AFRICA,GAUTENG,BENONI,WESTDENE,WALSH,RD,5,-26.188264,28.291889,NO
SOUTH AFRICA,GAUTENG,BENONI,WESTDENE,WALSH,RD,6,-26.187814,28.292419,YES
SOUTH AFRICA,GAUTENG,BENONI,WESTDENE,WALSH,RD,7,-26.187964,28.291269,YES
SOUTH AFRICA,GAUTENG,BENONI,WESTDENE,WALSH,RD,8,-26.187664,28.292099,NO
SOUTH AFRICA,GAUTENG,BENONI,WESTDENE,WALSH,RD,9,-26.187774,28.290839,YES
SOUTH AFRICA,GAUTENG,BENONI,WESTDENE,WALSH,RD,10,-26.187524,28.291779,YES
SOUTH AFRICA,GAUTENG,BENONI,WESTDENE,WALSH,RD,11,-26.187654,28.290349,NO
SOUTH AFRICA,GAUTENG,BENONI,WESTDENE,WALSH,RD,12,-26.187374,28.291469,NO
SOUTH AFRICA,GAUTENG,BENONI,WESTDENE,WALSH,RD,14,-26.187225,28.291139,YES
SOUTH AFRICA,GAUTENG,BENONI,WESTDENE,WILLOW,TE,2,-26.19735477,28.29798711,NO
SOUTH AFRICA,GAUTENG,BENONI,WESTDENE,WILLOW,TE,3,-26.197637,28.296782,NO
SOUTH AFRICA,GAUTENG,BENONI,WESTDENE,WILLOW,TE,4,-26.19697113,28.29735503,YES
SOUTH AFRICA,GAUTENG,BENONI,WESTDENE,WILLOW,TE,5,-26.197666,28.296315,NO
SOUTH AFRICA,GAUTENG,BENONI,WESTDENE,WILLOW,TE,6,-26.196947,28.296469,NO
SOUTH AFRICA,GAUTENG,BENONI,WESTDENE,WILLOW,TE,7,-26.19755,28.295853,YES
SOUTH AFRICA,GAUTENG,BENONI,WESTDENE,WILLOW,TE,8,-26.196979,28.295937,NO
SOUTH AFRICA,GAUTENG,BENONI,WESTDENE,WILLOW,TE,9,-26.197599,28.295382,YES
SOUTH AFRICA,GAUTENG,BENONI,WESTDENE,WILLOW,TE,10,-26.197003,28.29556,YES
SOUTH AFRICA,GAUTENG,BENONI,WESTDENE,WILLOW,TE,11,-26.197591,28.294889,NO
SOUTH AFRICA,GAUTENG,BENONI,WESTDENE,WILLOW,TE,12,-26.197026,28.295183,YES
SOUTH AFRICA,GAUTENG,BENONI,WESTDENE,WILLOW,TE,13,-26.197675,28.294386,YES
SOUTH AFRICA,GAUTENG,BENONI,WESTDENE,WILLOW,TE,14,-26.197049,28.294805,YES
SOUTH AFRICA,GAUTENG,BENONI,WESTDENE,WILLOW,TE,15,-26.197622,28.293963,NO
SOUTH AFRICA,GAUTENG,BENONI,WESTDENE,WILLOW,TE,16,-26.197072,28.294427,YES
SOUTH AFRICA,GAUTENG,BENONI,WESTDENE,WILLOW,TE,17,-26.197729,28.293411,YES
SOUTH AFRICA,GAUTENG,BENONI,WESTDENE,WILLOW,TE,18,-26.197095,28.294052,YES
SOUTH AFRICA,GAUTENG,BENONI,WESTDENE,WILLOW,TE,20,-26.197069,28.293594,NO
SOUTH AFRICA,GAUTENG,BENONI,WESTDENE,WILLOW,TE,11A,-26.197944,28.294909,YES
SOUTH AFRICA,GAUTENG,BENONI,WESTDENE,WILLOW,TE,13A,-26.19797304,28.29456904,NO
SOUTH AFRICA,GAUTENG,BENONI,WESTDENE,WILLOW,TE,15A,-26.197788,28.293954,NO
SOUTH AFRICA,GAUTENG,BENONI,WESTDENE,WILLOW,TE,4A,-26.19662725,28.29757161,NO
SOUTH AFRICA,GAUTENG,BENONI,WESTDENE,WILLOW,TE,4B,-26.197165,28.297683,YES
SOUTH AFRICA,GAUTENG,BENONI,WESTDENE,WILLOW,TE,7A,-26.19788033,28.29584461,YES
SOUTH AFRICA,GAUTENG,BENONI,WESTDENE,WILLOW,TE,9A,-26.1979014,28.29536549,NO
SOUTH AFRICA,GAUTENG,BENONI,WESTDENE,WOBURN,AV,175,-26.19798,28.298558,YES
